Ultimate Vehicle Tuning bike gear trace
Each engine contains reverse followed by its forward gears.
2026-09-21 15:22:40 VEHICLE Vehicle.v_sportbike3_brennan_apollo_player | engine=Vehicle.VehicleEngineData_2_Default | records=7
2026-09-21 15:22:40   record[1]=Vehicle.VehicleEngineData_2_Default_inline0 | maxSpeed 3 -> requested 3 -> live 3
2026-09-21 15:22:40   record[2]=Vehicle.VehicleEngineData_2_Default_inline1 | maxSpeed 8 -> requested 9 -> live 9
2026-09-21 15:22:40   record[3]=Vehicle.VehicleEngineData_2_Default_inline2 | maxSpeed 14 -> requested 16 -> live 16
2026-09-21 15:22:40   record[4]=Vehicle.VehicleEngineData_2_Default_inline3 | maxSpeed 19 -> requested 24 -> live 24
2026-09-21 15:22:40   record[5]=Vehicle.VehicleEngineData_2_Default_inline4 | maxSpeed 24 -> requested 32 -> live 32
2026-09-21 15:22:40   record[6]=Vehicle.VehicleEngineData_2_Default_inline5 | maxSpeed 29 -> requested 39 -> live 39
2026-09-21 15:22:40   record[7]=Vehicle.VehicleEngineData_2_Default_inline6 | maxSpeed 33 -> requested 46 -> live 46
2026-09-21 15:22:40 VEHICLE Vehicle.v_sportbike3_brennan_apollo_nomad_player | engine=Vehicle.VehicleEngineData_2_Default | records=7
2026-09-21 15:22:40   record[1]=Vehicle.VehicleEngineData_2_Default_inline0 | maxSpeed 3 -> requested 3 -> live 3 | PREVIOUS_WRITER=Vehicle.v_sportbike3_brennan_apollo_player
2026-09-21 15:22:40   record[2]=Vehicle.VehicleEngineData_2_Default_inline1 | maxSpeed 9 -> requested 9 -> live 9 | PREVIOUS_WRITER=Vehicle.v_sportbike3_brennan_apollo_player
2026-09-21 15:22:40   record[3]=Vehicle.VehicleEngineData_2_Default_inline2 | maxSpeed 16 -> requested 16 -> live 16 | PREVIOUS_WRITER=Vehicle.v_sportbike3_brennan_apollo_player
2026-09-21 15:22:40   record[4]=Vehicle.VehicleEngineData_2_Default_inline3 | maxSpeed 24 -> requested 24 -> live 24 | PREVIOUS_WRITER=Vehicle.v_sportbike3_brennan_apollo_player
2026-09-21 15:22:40   record[5]=Vehicle.VehicleEngineData_2_Default_inline4 | maxSpeed 32 -> requested 32 -> live 32 | PREVIOUS_WRITER=Vehicle.v_sportbike3_brennan_apollo_player
2026-09-21 15:22:40   record[6]=Vehicle.VehicleEngineData_2_Default_inline5 | maxSpeed 39 -> requested 39 -> live 39 | PREVIOUS_WRITER=Vehicle.v_sportbike3_brennan_apollo_player
2026-09-21 15:22:40   record[7]=Vehicle.VehicleEngineData_2_Default_inline6 | maxSpeed 46 -> requested 46 -> live 46 | PREVIOUS_WRITER=Vehicle.v_sportbike3_brennan_apollo_player
2026-09-21 15:22:40 VEHICLE Vehicle.v_sportbike3_brennan_apollo_player_02 | engine=Vehicle.v_sportbike3_brennan_apollo_sport_inline1 | records=7
2026-09-21 15:22:40   record[1]=Vehicle.VehicleEngineData_2_Default_inline0 | maxSpeed 3 -> requested 3 -> live 3 | PREVIOUS_WRITER=Vehicle.v_sportbike3_brennan_apollo_nomad_player
2026-09-21 15:22:40   record[2]=Vehicle.VehicleEngineData_2_Default_inline1 | maxSpeed 9 -> requested 9 -> live 9 | PREVIOUS_WRITER=Vehicle.v_sportbike3_brennan_apollo_nomad_player
2026-09-21 15:22:40   record[3]=Vehicle.VehicleEngineData_2_Default_inline2 | maxSpeed 16 -> requested 16 -> live 16 | PREVIOUS_WRITER=Vehicle.v_sportbike3_brennan_apollo_nomad_player
2026-09-21 15:22:40   record[4]=Vehicle.VehicleEngineData_2_Default_inline3 | maxSpeed 24 -> requested 24 -> live 24 | PREVIOUS_WRITER=Vehicle.v_sportbike3_brennan_apollo_nomad_player
2026-09-21 15:22:40   record[5]=Vehicle.VehicleEngineData_2_Default_inline4 | maxSpeed 32 -> requested 32 -> live 32 | PREVIOUS_WRITER=Vehicle.v_sportbike3_brennan_apollo_nomad_player
2026-09-21 15:22:40   record[6]=Vehicle.VehicleEngineData_2_Default_inline5 | maxSpeed 39 -> requested 39 -> live 39 | PREVIOUS_WRITER=Vehicle.v_sportbike3_brennan_apollo_nomad_player
2026-09-21 15:22:40   record[7]=Vehicle.VehicleEngineData_2_Default_inline6 | maxSpeed 46 -> requested 47 -> live 47 | PREVIOUS_WRITER=Vehicle.v_sportbike3_brennan_apollo_nomad_player
2026-09-21 15:22:40 VEHICLE Vehicle.v_sportbike2_arch_player | engine=Vehicle.VehicleEngineData_Arch | records=7
2026-09-21 15:22:40   record[1]=Vehicle.VehicleEngineData_Arch_inline0 | maxSpeed 3 -> requested 3 -> live 3
2026-09-21 15:22:40   record[2]=Vehicle.VehicleEngineData_Arch_inline1 | maxSpeed 12 -> requested 12 -> live 12
2026-09-21 15:22:40   record[3]=Vehicle.VehicleEngineData_Arch_inline2 | maxSpeed 19 -> requested 21.24 -> live 21.239999771118
2026-09-21 15:22:40   record[4]=Vehicle.VehicleEngineData_Arch_inline3 | maxSpeed 25 -> requested 31.27 -> live 31.270000457764
2026-09-21 15:22:40   record[5]=Vehicle.VehicleEngineData_Arch_inline4 | maxSpeed 30 -> requested 40.71 -> live 40.709999084473
2026-09-21 15:22:40   record[6]=Vehicle.VehicleEngineData_Arch_inline5 | maxSpeed 34.5 -> requested 50.74 -> live 50.740001678467
2026-09-21 15:22:40   record[7]=Vehicle.VehicleEngineData_Arch_inline6 | maxSpeed 40 -> requested 59 -> live 59
2026-09-21 15:22:40 VEHICLE Vehicle.v_sportbike2_arch_jackie_player | engine=Vehicle.VehicleEngineData_Arch | records=7
2026-09-21 15:22:40   record[1]=Vehicle.VehicleEngineData_Arch_inline0 | maxSpeed 3 -> requested 3 -> live 3 | PREVIOUS_WRITER=Vehicle.v_sportbike2_arch_player
2026-09-21 15:22:40   record[2]=Vehicle.VehicleEngineData_Arch_inline1 | maxSpeed 12 -> requested 12 -> live 12 | PREVIOUS_WRITER=Vehicle.v_sportbike2_arch_player
2026-09-21 15:22:40   record[3]=Vehicle.VehicleEngineData_Arch_inline2 | maxSpeed 21.239999771118 -> requested 21.24 -> live 21.239999771118 | PREVIOUS_WRITER=Vehicle.v_sportbike2_arch_player
2026-09-21 15:22:40   record[4]=Vehicle.VehicleEngineData_Arch_inline3 | maxSpeed 31.270000457764 -> requested 31.27 -> live 31.270000457764 | PREVIOUS_WRITER=Vehicle.v_sportbike2_arch_player
2026-09-21 15:22:40   record[5]=Vehicle.VehicleEngineData_Arch_inline4 | maxSpeed 40.709999084473 -> requested 40.71 -> live 40.709999084473 | PREVIOUS_WRITER=Vehicle.v_sportbike2_arch_player
2026-09-21 15:22:40   record[6]=Vehicle.VehicleEngineData_Arch_inline5 | maxSpeed 50.740001678467 -> requested 50.74 -> live 50.740001678467 | PREVIOUS_WRITER=Vehicle.v_sportbike2_arch_player
2026-09-21 15:22:40   record[7]=Vehicle.VehicleEngineData_Arch_inline6 | maxSpeed 59 -> requested 59 -> live 59 | PREVIOUS_WRITER=Vehicle.v_sportbike2_arch_player
2026-09-21 15:22:40 VEHICLE Vehicle.v_sportbike2_arch_jackie_tuned_player | engine=Vehicle.v_sportbike2_arch_jackie_tuned_inline1 | records=7
2026-09-21 15:22:40   record[1]=Vehicle.VehicleEngineData_Arch_inline0 | maxSpeed 3 -> requested 3 -> live 3 | PREVIOUS_WRITER=Vehicle.v_sportbike2_arch_jackie_player
2026-09-21 15:22:40   record[2]=Vehicle.VehicleEngineData_Arch_inline1 | maxSpeed 12 -> requested 12 -> live 12 | PREVIOUS_WRITER=Vehicle.v_sportbike2_arch_jackie_player
2026-09-21 15:22:40   record[3]=Vehicle.VehicleEngineData_Arch_inline2 | maxSpeed 21.239999771118 -> requested 21.96 -> live 21.959999084473 | PREVIOUS_WRITER=Vehicle.v_sportbike2_arch_jackie_player
2026-09-21 15:22:40   record[4]=Vehicle.VehicleEngineData_Arch_inline3 | maxSpeed 31.270000457764 -> requested 32.33 -> live 32.330001831055 | PREVIOUS_WRITER=Vehicle.v_sportbike2_arch_jackie_player
2026-09-21 15:22:40   record[5]=Vehicle.VehicleEngineData_Arch_inline4 | maxSpeed 40.709999084473 -> requested 42.09 -> live 42.090000152588 | PREVIOUS_WRITER=Vehicle.v_sportbike2_arch_jackie_player
2026-09-21 15:22:40   record[6]=Vehicle.VehicleEngineData_Arch_inline5 | maxSpeed 50.740001678467 -> requested 52.46 -> live 52.459999084473 | PREVIOUS_WRITER=Vehicle.v_sportbike2_arch_jackie_player
2026-09-21 15:22:40   record[7]=Vehicle.VehicleEngineData_Arch_inline6 | maxSpeed 59 -> requested 61 -> live 61 | PREVIOUS_WRITER=Vehicle.v_sportbike2_arch_jackie_player
2026-09-21 15:22:40 VEHICLE Vehicle.v_sportbike2_arch_tyger_player | engine=Vehicle.VehicleEngineData_Arch | records=7
2026-09-21 15:22:40   record[1]=Vehicle.VehicleEngineData_Arch_inline0 | maxSpeed 3 -> requested 3 -> live 3 | PREVIOUS_WRITER=Vehicle.v_sportbike2_arch_jackie_tuned_player
2026-09-21 15:22:40   record[2]=Vehicle.VehicleEngineData_Arch_inline1 | maxSpeed 12 -> requested 12 -> live 12 | PREVIOUS_WRITER=Vehicle.v_sportbike2_arch_jackie_tuned_player
2026-09-21 15:22:40   record[3]=Vehicle.VehicleEngineData_Arch_inline2 | maxSpeed 21.959999084473 -> requested 21.24 -> live 21.239999771118 | PREVIOUS_WRITER=Vehicle.v_sportbike2_arch_jackie_tuned_player
2026-09-21 15:22:40   record[4]=Vehicle.VehicleEngineData_Arch_inline3 | maxSpeed 32.330001831055 -> requested 31.27 -> live 31.270000457764 | PREVIOUS_WRITER=Vehicle.v_sportbike2_arch_jackie_tuned_player
2026-09-21 15:22:40   record[5]=Vehicle.VehicleEngineData_Arch_inline4 | maxSpeed 42.090000152588 -> requested 40.71 -> live 40.709999084473 | PREVIOUS_WRITER=Vehicle.v_sportbike2_arch_jackie_tuned_player
2026-09-21 15:22:40   record[6]=Vehicle.VehicleEngineData_Arch_inline5 | maxSpeed 52.459999084473 -> requested 50.74 -> live 50.740001678467 | PREVIOUS_WRITER=Vehicle.v_sportbike2_arch_jackie_tuned_player
2026-09-21 15:22:40   record[7]=Vehicle.VehicleEngineData_Arch_inline6 | maxSpeed 61 -> requested 59 -> live 59 | PREVIOUS_WRITER=Vehicle.v_sportbike2_arch_jackie_tuned_player
2026-09-21 15:22:40 VEHICLE Vehicle.v_sportbike2_arch_player_02 | engine=Vehicle.VehicleEngineData_Arch | records=7
2026-09-21 15:22:40   record[1]=Vehicle.VehicleEngineData_Arch_inline0 | maxSpeed 3 -> requested 3 -> live 3 | PREVIOUS_WRITER=Vehicle.v_sportbike2_arch_tyger_player
2026-09-21 15:22:40   record[2]=Vehicle.VehicleEngineData_Arch_inline1 | maxSpeed 12 -> requested 12 -> live 12 | PREVIOUS_WRITER=Vehicle.v_sportbike2_arch_tyger_player
2026-09-21 15:22:40   record[3]=Vehicle.VehicleEngineData_Arch_inline2 | maxSpeed 21.239999771118 -> requested 21.6 -> live 21.60000038147 | PREVIOUS_WRITER=Vehicle.v_sportbike2_arch_tyger_player
2026-09-21 15:22:40   record[4]=Vehicle.VehicleEngineData_Arch_inline3 | maxSpeed 31.270000457764 -> requested 31.8 -> live 31.799999237061 | PREVIOUS_WRITER=Vehicle.v_sportbike2_arch_tyger_player
2026-09-21 15:22:40   record[5]=Vehicle.VehicleEngineData_Arch_inline4 | maxSpeed 40.709999084473 -> requested 41.4 -> live 41.400001525879 | PREVIOUS_WRITER=Vehicle.v_sportbike2_arch_tyger_player
2026-09-21 15:22:40   record[6]=Vehicle.VehicleEngineData_Arch_inline5 | maxSpeed 50.740001678467 -> requested 51.6 -> live 51.599998474121 | PREVIOUS_WRITER=Vehicle.v_sportbike2_arch_tyger_player
2026-09-21 15:22:40   record[7]=Vehicle.VehicleEngineData_Arch_inline6 | maxSpeed 59 -> requested 60 -> live 60 | PREVIOUS_WRITER=Vehicle.v_sportbike2_arch_tyger_player
2026-09-21 15:22:40 VEHICLE Vehicle.v_sportbike2_arch_player_03 | engine=Vehicle.VehicleEngineData_Arch | records=7
2026-09-21 15:22:40   record[1]=Vehicle.VehicleEngineData_Arch_inline0 | maxSpeed 3 -> requested 3 -> live 3 | PREVIOUS_WRITER=Vehicle.v_sportbike2_arch_player_02
2026-09-21 15:22:40   record[2]=Vehicle.VehicleEngineData_Arch_inline1 | maxSpeed 12 -> requested 12 -> live 12 | PREVIOUS_WRITER=Vehicle.v_sportbike2_arch_player_02
2026-09-21 15:22:40   record[3]=Vehicle.VehicleEngineData_Arch_inline2 | maxSpeed 21.60000038147 -> requested 20.88 -> live 20.879999160767 | PREVIOUS_WRITER=Vehicle.v_sportbike2_arch_player_02
2026-09-21 15:22:40   record[4]=Vehicle.VehicleEngineData_Arch_inline3 | maxSpeed 31.799999237061 -> requested 30.74 -> live 30.739999771118 | PREVIOUS_WRITER=Vehicle.v_sportbike2_arch_player_02
2026-09-21 15:22:40   record[5]=Vehicle.VehicleEngineData_Arch_inline4 | maxSpeed 41.400001525879 -> requested 40.02 -> live 40.020000457764 | PREVIOUS_WRITER=Vehicle.v_sportbike2_arch_player_02
2026-09-21 15:22:40   record[6]=Vehicle.VehicleEngineData_Arch_inline5 | maxSpeed 51.599998474121 -> requested 49.88 -> live 49.880001068115 | PREVIOUS_WRITER=Vehicle.v_sportbike2_arch_player_02
2026-09-21 15:22:40   record[7]=Vehicle.VehicleEngineData_Arch_inline6 | maxSpeed 60 -> requested 58 -> live 58 | PREVIOUS_WRITER=Vehicle.v_sportbike2_arch_player_02
2026-09-21 15:22:40 VEHICLE Vehicle.v_sportbike2_arch_linas_player | engine=Vehicle.VehicleEngineData_Arch | records=7
2026-09-21 15:22:40   record[1]=Vehicle.VehicleEngineData_Arch_inline0 | maxSpeed 3 -> requested 3 -> live 3 | PREVIOUS_WRITER=Vehicle.v_sportbike2_arch_player_03
2026-09-21 15:22:40   record[2]=Vehicle.VehicleEngineData_Arch_inline1 | maxSpeed 12 -> requested 12 -> live 12 | PREVIOUS_WRITER=Vehicle.v_sportbike2_arch_player_03
2026-09-21 15:22:40   record[3]=Vehicle.VehicleEngineData_Arch_inline2 | maxSpeed 20.879999160767 -> requested 20.88 -> live 20.879999160767 | PREVIOUS_WRITER=Vehicle.v_sportbike2_arch_player_03
2026-09-21 15:22:40   record[4]=Vehicle.VehicleEngineData_Arch_inline3 | maxSpeed 30.739999771118 -> requested 30.74 -> live 30.739999771118 | PREVIOUS_WRITER=Vehicle.v_sportbike2_arch_player_03
2026-09-21 15:22:40   record[5]=Vehicle.VehicleEngineData_Arch_inline4 | maxSpeed 40.020000457764 -> requested 40.02 -> live 40.020000457764 | PREVIOUS_WRITER=Vehicle.v_sportbike2_arch_player_03
2026-09-21 15:22:40   record[6]=Vehicle.VehicleEngineData_Arch_inline5 | maxSpeed 49.880001068115 -> requested 49.88 -> live 49.880001068115 | PREVIOUS_WRITER=Vehicle.v_sportbike2_arch_player_03
2026-09-21 15:22:40   record[7]=Vehicle.VehicleEngineData_Arch_inline6 | maxSpeed 58 -> requested 58 -> live 58 | PREVIOUS_WRITER=Vehicle.v_sportbike2_arch_player_03
2026-09-21 15:22:40 VEHICLE Vehicle.v_sportbike1_yaiba_kusanagi_player | engine=Vehicle.v_sportbike1_yaiba_kusanagi_inline5 | records=8
2026-09-21 15:22:40   record[1]=Vehicle.v_sportbike1_yaiba_kusanagi_inline6 | maxSpeed 3 -> requested 3 -> live 3
2026-09-21 15:22:40   record[2]=Vehicle.v_sportbike1_yaiba_kusanagi_inline7 | maxSpeed 12 -> requested 12 -> live 12
2026-09-21 15:22:40   record[3]=Vehicle.v_sportbike1_yaiba_kusanagi_inline8 | maxSpeed 18 -> requested 21 -> live 21
2026-09-21 15:22:40   record[4]=Vehicle.v_sportbike1_yaiba_kusanagi_inline9 | maxSpeed 23.5 -> requested 33 -> live 33
2026-09-21 15:22:40   record[5]=Vehicle.v_sportbike1_yaiba_kusanagi_inline10 | maxSpeed 29 -> requested 46 -> live 46
2026-09-21 15:22:40   record[6]=Vehicle.v_sportbike1_yaiba_kusanagi_inline11 | maxSpeed 33 -> requested 61 -> live 61
2026-09-21 15:22:40   record[7]=Vehicle.v_sportbike1_yaiba_kusanagi_inline12 | maxSpeed 36 -> requested 78 -> live 78
2026-09-21 15:22:40   record[8]=Vehicle.v_sportbike1_yaiba_kusanagi_inline13 | maxSpeed 42 -> requested 92 -> live 92
2026-09-21 15:22:40 VEHICLE Vehicle.v_sportbike1_yaiba_kusanagi_player_02 | engine=Vehicle.v_sportbike1_yaiba_kusanagi_inline5 | records=8
2026-09-21 15:22:40   record[1]=Vehicle.v_sportbike1_yaiba_kusanagi_inline6 | maxSpeed 3 -> requested 3 -> live 3 | PREVIOUS_WRITER=Vehicle.v_sportbike1_yaiba_kusanagi_player
2026-09-21 15:22:40   record[2]=Vehicle.v_sportbike1_yaiba_kusanagi_inline7 | maxSpeed 12 -> requested 12 -> live 12 | PREVIOUS_WRITER=Vehicle.v_sportbike1_yaiba_kusanagi_player
2026-09-21 15:22:40   record[3]=Vehicle.v_sportbike1_yaiba_kusanagi_inline8 | maxSpeed 21 -> requested 21 -> live 21 | PREVIOUS_WRITER=Vehicle.v_sportbike1_yaiba_kusanagi_player
2026-09-21 15:22:40   record[4]=Vehicle.v_sportbike1_yaiba_kusanagi_inline9 | maxSpeed 33 -> requested 32 -> live 32 | PREVIOUS_WRITER=Vehicle.v_sportbike1_yaiba_kusanagi_player
2026-09-21 15:22:40   record[5]=Vehicle.v_sportbike1_yaiba_kusanagi_inline10 | maxSpeed 46 -> requested 45 -> live 45 | PREVIOUS_WRITER=Vehicle.v_sportbike1_yaiba_kusanagi_player
2026-09-21 15:22:40   record[6]=Vehicle.v_sportbike1_yaiba_kusanagi_inline11 | maxSpeed 61 -> requested 59 -> live 59 | PREVIOUS_WRITER=Vehicle.v_sportbike1_yaiba_kusanagi_player
2026-09-21 15:22:40   record[7]=Vehicle.v_sportbike1_yaiba_kusanagi_inline12 | maxSpeed 78 -> requested 75 -> live 75 | PREVIOUS_WRITER=Vehicle.v_sportbike1_yaiba_kusanagi_player
2026-09-21 15:22:40   record[8]=Vehicle.v_sportbike1_yaiba_kusanagi_inline13 | maxSpeed 92 -> requested 88 -> live 88 | PREVIOUS_WRITER=Vehicle.v_sportbike1_yaiba_kusanagi_player
2026-09-21 15:22:40 VEHICLE Vehicle.v_sportbike1_yaiba_kusanagi_player_03 | engine=Vehicle.v_sportbike1_yaiba_kusanagi_inline5 | records=8
2026-09-21 15:22:40   record[1]=Vehicle.v_sportbike1_yaiba_kusanagi_inline6 | maxSpeed 3 -> requested 3 -> live 3 | PREVIOUS_WRITER=Vehicle.v_sportbike1_yaiba_kusanagi_player_02
2026-09-21 15:22:40   record[2]=Vehicle.v_sportbike1_yaiba_kusanagi_inline7 | maxSpeed 12 -> requested 12 -> live 12 | PREVIOUS_WRITER=Vehicle.v_sportbike1_yaiba_kusanagi_player_02
2026-09-21 15:22:40   record[3]=Vehicle.v_sportbike1_yaiba_kusanagi_inline8 | maxSpeed 21 -> requested 21 -> live 21 | PREVIOUS_WRITER=Vehicle.v_sportbike1_yaiba_kusanagi_player_02
2026-09-21 15:22:40   record[4]=Vehicle.v_sportbike1_yaiba_kusanagi_inline9 | maxSpeed 32 -> requested 33 -> live 33 | PREVIOUS_WRITER=Vehicle.v_sportbike1_yaiba_kusanagi_player_02
2026-09-21 15:22:40   record[5]=Vehicle.v_sportbike1_yaiba_kusanagi_inline10 | maxSpeed 45 -> requested 46 -> live 46 | PREVIOUS_WRITER=Vehicle.v_sportbike1_yaiba_kusanagi_player_02
2026-09-21 15:22:40   record[6]=Vehicle.v_sportbike1_yaiba_kusanagi_inline11 | maxSpeed 59 -> requested 60 -> live 60 | PREVIOUS_WRITER=Vehicle.v_sportbike1_yaiba_kusanagi_player_02
2026-09-21 15:22:40   record[7]=Vehicle.v_sportbike1_yaiba_kusanagi_inline12 | maxSpeed 75 -> requested 76 -> live 76 | PREVIOUS_WRITER=Vehicle.v_sportbike1_yaiba_kusanagi_player_02
2026-09-21 15:22:40   record[8]=Vehicle.v_sportbike1_yaiba_kusanagi_inline13 | maxSpeed 88 -> requested 90 -> live 90 | PREVIOUS_WRITER=Vehicle.v_sportbike1_yaiba_kusanagi_player_02
2026-09-21 15:22:40 VEHICLE Vehicle.v_sportbike1_yaiba_muramasa_player | engine=Vehicle.v_sportbike1_yaiba_kusanagi_inline5 | records=8
2026-09-21 15:22:40   record[1]=Vehicle.v_sportbike1_yaiba_kusanagi_inline6 | maxSpeed 3 -> requested 3 -> live 3 | PREVIOUS_WRITER=Vehicle.v_sportbike1_yaiba_kusanagi_player_03
2026-09-21 15:22:40   record[2]=Vehicle.v_sportbike1_yaiba_kusanagi_inline7 | maxSpeed 12 -> requested 12 -> live 12 | PREVIOUS_WRITER=Vehicle.v_sportbike1_yaiba_kusanagi_player_03
2026-09-21 15:22:40   record[3]=Vehicle.v_sportbike1_yaiba_kusanagi_inline8 | maxSpeed 21 -> requested 21 -> live 21 | PREVIOUS_WRITER=Vehicle.v_sportbike1_yaiba_kusanagi_player_03
2026-09-21 15:22:40   record[4]=Vehicle.v_sportbike1_yaiba_kusanagi_inline9 | maxSpeed 33 -> requested 33 -> live 33 | PREVIOUS_WRITER=Vehicle.v_sportbike1_yaiba_kusanagi_player_03
2026-09-21 15:22:40   record[5]=Vehicle.v_sportbike1_yaiba_kusanagi_inline10 | maxSpeed 46 -> requested 47 -> live 47 | PREVIOUS_WRITER=Vehicle.v_sportbike1_yaiba_kusanagi_player_03
2026-09-21 15:22:40   record[6]=Vehicle.v_sportbike1_yaiba_kusanagi_inline11 | maxSpeed 60 -> requested 62 -> live 62 | PREVIOUS_WRITER=Vehicle.v_sportbike1_yaiba_kusanagi_player_03
2026-09-21 15:22:40   record[7]=Vehicle.v_sportbike1_yaiba_kusanagi_inline12 | maxSpeed 76 -> requested 80 -> live 80 | PREVIOUS_WRITER=Vehicle.v_sportbike1_yaiba_kusanagi_player_03
2026-09-21 15:22:40   record[8]=Vehicle.v_sportbike1_yaiba_kusanagi_inline13 | maxSpeed 90 -> requested 94 -> live 94 | PREVIOUS_WRITER=Vehicle.v_sportbike1_yaiba_kusanagi_player_03
2026-09-21 15:22:40 VEHICLE Vehicle.v_sportbike1_yaiba_muramasa_naked | engine=Vehicle.v_sportbike1_yaiba_kusanagi_inline5 | records=8
2026-09-21 15:22:40   record[1]=Vehicle.v_sportbike1_yaiba_kusanagi_inline6 | maxSpeed 3 -> requested 3 -> live 3 | PREVIOUS_WRITER=Vehicle.v_sportbike1_yaiba_muramasa_player
2026-09-21 15:22:40   record[2]=Vehicle.v_sportbike1_yaiba_kusanagi_inline7 | maxSpeed 12 -> requested 12 -> live 12 | PREVIOUS_WRITER=Vehicle.v_sportbike1_yaiba_muramasa_player
2026-09-21 15:22:40   record[3]=Vehicle.v_sportbike1_yaiba_kusanagi_inline8 | maxSpeed 21 -> requested 21 -> live 21 | PREVIOUS_WRITER=Vehicle.v_sportbike1_yaiba_muramasa_player
2026-09-21 15:22:40   record[4]=Vehicle.v_sportbike1_yaiba_kusanagi_inline9 | maxSpeed 33 -> requested 33 -> live 33 | PREVIOUS_WRITER=Vehicle.v_sportbike1_yaiba_muramasa_player
2026-09-21 15:22:40   record[5]=Vehicle.v_sportbike1_yaiba_kusanagi_inline10 | maxSpeed 47 -> requested 47 -> live 47 | PREVIOUS_WRITER=Vehicle.v_sportbike1_yaiba_muramasa_player
2026-09-21 15:22:40   record[6]=Vehicle.v_sportbike1_yaiba_kusanagi_inline11 | maxSpeed 62 -> requested 62 -> live 62 | PREVIOUS_WRITER=Vehicle.v_sportbike1_yaiba_muramasa_player
2026-09-21 15:22:40   record[7]=Vehicle.v_sportbike1_yaiba_kusanagi_inline12 | maxSpeed 80 -> requested 80 -> live 80 | PREVIOUS_WRITER=Vehicle.v_sportbike1_yaiba_muramasa_player
2026-09-21 15:22:40   record[8]=Vehicle.v_sportbike1_yaiba_kusanagi_inline13 | maxSpeed 94 -> requested 94 -> live 94 | PREVIOUS_WRITER=Vehicle.v_sportbike1_yaiba_muramasa_player
2026-09-21 15:22:40 VEHICLE Vehicle.v_sportbike1_yaiba_muramasa_naked_as | engine=Vehicle.v_sportbike1_yaiba_kusanagi_inline5 | records=8
2026-09-21 15:22:40   record[1]=Vehicle.v_sportbike1_yaiba_kusanagi_inline6 | maxSpeed 3 -> requested 3 -> live 3 | PREVIOUS_WRITER=Vehicle.v_sportbike1_yaiba_muramasa_naked
2026-09-21 15:22:40   record[2]=Vehicle.v_sportbike1_yaiba_kusanagi_inline7 | maxSpeed 12 -> requested 12 -> live 12 | PREVIOUS_WRITER=Vehicle.v_sportbike1_yaiba_muramasa_naked
2026-09-21 15:22:40   record[3]=Vehicle.v_sportbike1_yaiba_kusanagi_inline8 | maxSpeed 21 -> requested 21 -> live 21 | PREVIOUS_WRITER=Vehicle.v_sportbike1_yaiba_muramasa_naked
2026-09-21 15:22:40   record[4]=Vehicle.v_sportbike1_yaiba_kusanagi_inline9 | maxSpeed 33 -> requested 33 -> live 33 | PREVIOUS_WRITER=Vehicle.v_sportbike1_yaiba_muramasa_naked
2026-09-21 15:22:40   record[5]=Vehicle.v_sportbike1_yaiba_kusanagi_inline10 | maxSpeed 47 -> requested 47 -> live 47 | PREVIOUS_WRITER=Vehicle.v_sportbike1_yaiba_muramasa_naked
2026-09-21 15:22:40   record[6]=Vehicle.v_sportbike1_yaiba_kusanagi_inline11 | maxSpeed 62 -> requested 62 -> live 62 | PREVIOUS_WRITER=Vehicle.v_sportbike1_yaiba_muramasa_naked
2026-09-21 15:22:40   record[7]=Vehicle.v_sportbike1_yaiba_kusanagi_inline12 | maxSpeed 80 -> requested 80 -> live 80 | PREVIOUS_WRITER=Vehicle.v_sportbike1_yaiba_muramasa_naked
2026-09-21 15:22:40   record[8]=Vehicle.v_sportbike1_yaiba_kusanagi_inline13 | maxSpeed 94 -> requested 94 -> live 94 | PREVIOUS_WRITER=Vehicle.v_sportbike1_yaiba_muramasa_naked
2026-09-21 15:22:40 VEHICLE Vehicle.v_sportbike1_yaiba_muramasa_naked_as_nr | engine=Vehicle.v_sportbike1_yaiba_kusanagi_inline5 | records=8
2026-09-21 15:22:40   record[1]=Vehicle.v_sportbike1_yaiba_kusanagi_inline6 | maxSpeed 3 -> requested 3 -> live 3 | PREVIOUS_WRITER=Vehicle.v_sportbike1_yaiba_muramasa_naked_as
2026-09-21 15:22:40   record[2]=Vehicle.v_sportbike1_yaiba_kusanagi_inline7 | maxSpeed 12 -> requested 12 -> live 12 | PREVIOUS_WRITER=Vehicle.v_sportbike1_yaiba_muramasa_naked_as
2026-09-21 15:22:40   record[3]=Vehicle.v_sportbike1_yaiba_kusanagi_inline8 | maxSpeed 21 -> requested 21 -> live 21 | PREVIOUS_WRITER=Vehicle.v_sportbike1_yaiba_muramasa_naked_as
2026-09-21 15:22:40   record[4]=Vehicle.v_sportbike1_yaiba_kusanagi_inline9 | maxSpeed 33 -> requested 33 -> live 33 | PREVIOUS_WRITER=Vehicle.v_sportbike1_yaiba_muramasa_naked_as
2026-09-21 15:22:40   record[5]=Vehicle.v_sportbike1_yaiba_kusanagi_inline10 | maxSpeed 47 -> requested 47 -> live 47 | PREVIOUS_WRITER=Vehicle.v_sportbike1_yaiba_muramasa_naked_as
2026-09-21 15:22:40   record[6]=Vehicle.v_sportbike1_yaiba_kusanagi_inline11 | maxSpeed 62 -> requested 62 -> live 62 | PREVIOUS_WRITER=Vehicle.v_sportbike1_yaiba_muramasa_naked_as
2026-09-21 15:22:40   record[7]=Vehicle.v_sportbike1_yaiba_kusanagi_inline12 | maxSpeed 80 -> requested 80 -> live 80 | PREVIOUS_WRITER=Vehicle.v_sportbike1_yaiba_muramasa_naked_as
2026-09-21 15:22:40   record[8]=Vehicle.v_sportbike1_yaiba_kusanagi_inline13 | maxSpeed 94 -> requested 94 -> live 94 | PREVIOUS_WRITER=Vehicle.v_sportbike1_yaiba_muramasa_naked_as
2026-09-21 15:22:40 VEHICLE Vehicle.v_sportbike1_yaiba_muramasa_naked_as_ns | engine=Vehicle.v_sportbike1_yaiba_kusanagi_inline5 | records=8
2026-09-21 15:22:40   record[1]=Vehicle.v_sportbike1_yaiba_kusanagi_inline6 | maxSpeed 3 -> requested 3 -> live 3 | PREVIOUS_WRITER=Vehicle.v_sportbike1_yaiba_muramasa_naked_as_nr
2026-09-21 15:22:40   record[2]=Vehicle.v_sportbike1_yaiba_kusanagi_inline7 | maxSpeed 12 -> requested 12 -> live 12 | PREVIOUS_WRITER=Vehicle.v_sportbike1_yaiba_muramasa_naked_as_nr
2026-09-21 15:22:40   record[3]=Vehicle.v_sportbike1_yaiba_kusanagi_inline8 | maxSpeed 21 -> requested 21 -> live 21 | PREVIOUS_WRITER=Vehicle.v_sportbike1_yaiba_muramasa_naked_as_nr
2026-09-21 15:22:40   record[4]=Vehicle.v_sportbike1_yaiba_kusanagi_inline9 | maxSpeed 33 -> requested 33 -> live 33 | PREVIOUS_WRITER=Vehicle.v_sportbike1_yaiba_muramasa_naked_as_nr
2026-09-21 15:22:40   record[5]=Vehicle.v_sportbike1_yaiba_kusanagi_inline10 | maxSpeed 47 -> requested 47 -> live 47 | PREVIOUS_WRITER=Vehicle.v_sportbike1_yaiba_muramasa_naked_as_nr
2026-09-21 15:22:40   record[6]=Vehicle.v_sportbike1_yaiba_kusanagi_inline11 | maxSpeed 62 -> requested 62 -> live 62 | PREVIOUS_WRITER=Vehicle.v_sportbike1_yaiba_muramasa_naked_as_nr
2026-09-21 15:22:40   record[7]=Vehicle.v_sportbike1_yaiba_kusanagi_inline12 | maxSpeed 80 -> requested 80 -> live 80 | PREVIOUS_WRITER=Vehicle.v_sportbike1_yaiba_muramasa_naked_as_nr
2026-09-21 15:22:40   record[8]=Vehicle.v_sportbike1_yaiba_kusanagi_inline13 | maxSpeed 94 -> requested 94 -> live 94 | PREVIOUS_WRITER=Vehicle.v_sportbike1_yaiba_muramasa_naked_as_nr
2026-09-21 15:22:40 VEHICLE Vehicle.v_sportbike1_yaiba_muramasa_naked_as_ns_nr | engine=Vehicle.v_sportbike1_yaiba_kusanagi_inline5 | records=8
2026-09-21 15:22:40   record[1]=Vehicle.v_sportbike1_yaiba_kusanagi_inline6 | maxSpeed 3 -> requested 3 -> live 3 | PREVIOUS_WRITER=Vehicle.v_sportbike1_yaiba_muramasa_naked_as_ns
2026-09-21 15:22:40   record[2]=Vehicle.v_sportbike1_yaiba_kusanagi_inline7 | maxSpeed 12 -> requested 12 -> live 12 | PREVIOUS_WRITER=Vehicle.v_sportbike1_yaiba_muramasa_naked_as_ns
2026-09-21 15:22:40   record[3]=Vehicle.v_sportbike1_yaiba_kusanagi_inline8 | maxSpeed 21 -> requested 21 -> live 21 | PREVIOUS_WRITER=Vehicle.v_sportbike1_yaiba_muramasa_naked_as_ns
2026-09-21 15:22:40   record[4]=Vehicle.v_sportbike1_yaiba_kusanagi_inline9 | maxSpeed 33 -> requested 33 -> live 33 | PREVIOUS_WRITER=Vehicle.v_sportbike1_yaiba_muramasa_naked_as_ns
2026-09-21 15:22:40   record[5]=Vehicle.v_sportbike1_yaiba_kusanagi_inline10 | maxSpeed 47 -> requested 47 -> live 47 | PREVIOUS_WRITER=Vehicle.v_sportbike1_yaiba_muramasa_naked_as_ns
2026-09-21 15:22:40   record[6]=Vehicle.v_sportbike1_yaiba_kusanagi_inline11 | maxSpeed 62 -> requested 62 -> live 62 | PREVIOUS_WRITER=Vehicle.v_sportbike1_yaiba_muramasa_naked_as_ns
2026-09-21 15:22:40   record[7]=Vehicle.v_sportbike1_yaiba_kusanagi_inline12 | maxSpeed 80 -> requested 80 -> live 80 | PREVIOUS_WRITER=Vehicle.v_sportbike1_yaiba_muramasa_naked_as_ns
2026-09-21 15:22:40   record[8]=Vehicle.v_sportbike1_yaiba_kusanagi_inline13 | maxSpeed 94 -> requested 94 -> live 94 | PREVIOUS_WRITER=Vehicle.v_sportbike1_yaiba_muramasa_naked_as_ns
2026-09-21 15:22:40 VEHICLE Vehicle.v_sportbike1_yaiba_muramasa_naked_nr | engine=Vehicle.v_sportbike1_yaiba_kusanagi_inline5 | records=8
2026-09-21 15:22:40   record[1]=Vehicle.v_sportbike1_yaiba_kusanagi_inline6 | maxSpeed 3 -> requested 3 -> live 3 | PREVIOUS_WRITER=Vehicle.v_sportbike1_yaiba_muramasa_naked_as_ns_nr
2026-09-21 15:22:40   record[2]=Vehicle.v_sportbike1_yaiba_kusanagi_inline7 | maxSpeed 12 -> requested 12 -> live 12 | PREVIOUS_WRITER=Vehicle.v_sportbike1_yaiba_muramasa_naked_as_ns_nr
2026-09-21 15:22:40   record[3]=Vehicle.v_sportbike1_yaiba_kusanagi_inline8 | maxSpeed 21 -> requested 21 -> live 21 | PREVIOUS_WRITER=Vehicle.v_sportbike1_yaiba_muramasa_naked_as_ns_nr
2026-09-21 15:22:40   record[4]=Vehicle.v_sportbike1_yaiba_kusanagi_inline9 | maxSpeed 33 -> requested 33 -> live 33 | PREVIOUS_WRITER=Vehicle.v_sportbike1_yaiba_muramasa_naked_as_ns_nr
2026-09-21 15:22:40   record[5]=Vehicle.v_sportbike1_yaiba_kusanagi_inline10 | maxSpeed 47 -> requested 47 -> live 47 | PREVIOUS_WRITER=Vehicle.v_sportbike1_yaiba_muramasa_naked_as_ns_nr
2026-09-21 15:22:40   record[6]=Vehicle.v_sportbike1_yaiba_kusanagi_inline11 | maxSpeed 62 -> requested 62 -> live 62 | PREVIOUS_WRITER=Vehicle.v_sportbike1_yaiba_muramasa_naked_as_ns_nr
2026-09-21 15:22:40   record[7]=Vehicle.v_sportbike1_yaiba_kusanagi_inline12 | maxSpeed 80 -> requested 80 -> live 80 | PREVIOUS_WRITER=Vehicle.v_sportbike1_yaiba_muramasa_naked_as_ns_nr
2026-09-21 15:22:40   record[8]=Vehicle.v_sportbike1_yaiba_kusanagi_inline13 | maxSpeed 94 -> requested 94 -> live 94 | PREVIOUS_WRITER=Vehicle.v_sportbike1_yaiba_muramasa_naked_as_ns_nr
2026-09-21 15:22:40 VEHICLE Vehicle.v_sportbike1_yaiba_muramasa_naked_ns | engine=Vehicle.v_sportbike1_yaiba_kusanagi_inline5 | records=8
2026-09-21 15:22:40   record[1]=Vehicle.v_sportbike1_yaiba_kusanagi_inline6 | maxSpeed 3 -> requested 3 -> live 3 | PREVIOUS_WRITER=Vehicle.v_sportbike1_yaiba_muramasa_naked_nr
2026-09-21 15:22:40   record[2]=Vehicle.v_sportbike1_yaiba_kusanagi_inline7 | maxSpeed 12 -> requested 12 -> live 12 | PREVIOUS_WRITER=Vehicle.v_sportbike1_yaiba_muramasa_naked_nr
2026-09-21 15:22:40   record[3]=Vehicle.v_sportbike1_yaiba_kusanagi_inline8 | maxSpeed 21 -> requested 21 -> live 21 | PREVIOUS_WRITER=Vehicle.v_sportbike1_yaiba_muramasa_naked_nr
2026-09-21 15:22:40   record[4]=Vehicle.v_sportbike1_yaiba_kusanagi_inline9 | maxSpeed 33 -> requested 33 -> live 33 | PREVIOUS_WRITER=Vehicle.v_sportbike1_yaiba_muramasa_naked_nr
2026-09-21 15:22:40   record[5]=Vehicle.v_sportbike1_yaiba_kusanagi_inline10 | maxSpeed 47 -> requested 47 -> live 47 | PREVIOUS_WRITER=Vehicle.v_sportbike1_yaiba_muramasa_naked_nr
2026-09-21 15:22:40   record[6]=Vehicle.v_sportbike1_yaiba_kusanagi_inline11 | maxSpeed 62 -> requested 62 -> live 62 | PREVIOUS_WRITER=Vehicle.v_sportbike1_yaiba_muramasa_naked_nr
2026-09-21 15:22:40   record[7]=Vehicle.v_sportbike1_yaiba_kusanagi_inline12 | maxSpeed 80 -> requested 80 -> live 80 | PREVIOUS_WRITER=Vehicle.v_sportbike1_yaiba_muramasa_naked_nr
2026-09-21 15:22:40   record[8]=Vehicle.v_sportbike1_yaiba_kusanagi_inline13 | maxSpeed 94 -> requested 94 -> live 94 | PREVIOUS_WRITER=Vehicle.v_sportbike1_yaiba_muramasa_naked_nr
2026-09-21 15:22:40 VEHICLE Vehicle.v_sportbike1_yaiba_muramasa_naked_ns_nr | engine=Vehicle.v_sportbike1_yaiba_kusanagi_inline5 | records=8
2026-09-21 15:22:40   record[1]=Vehicle.v_sportbike1_yaiba_kusanagi_inline6 | maxSpeed 3 -> requested 3 -> live 3 | PREVIOUS_WRITER=Vehicle.v_sportbike1_yaiba_muramasa_naked_ns
2026-09-21 15:22:40   record[2]=Vehicle.v_sportbike1_yaiba_kusanagi_inline7 | maxSpeed 12 -> requested 12 -> live 12 | PREVIOUS_WRITER=Vehicle.v_sportbike1_yaiba_muramasa_naked_ns
2026-09-21 15:22:40   record[3]=Vehicle.v_sportbike1_yaiba_kusanagi_inline8 | maxSpeed 21 -> requested 21 -> live 21 | PREVIOUS_WRITER=Vehicle.v_sportbike1_yaiba_muramasa_naked_ns
2026-09-21 15:22:40   record[4]=Vehicle.v_sportbike1_yaiba_kusanagi_inline9 | maxSpeed 33 -> requested 33 -> live 33 | PREVIOUS_WRITER=Vehicle.v_sportbike1_yaiba_muramasa_naked_ns
2026-09-21 15:22:40   record[5]=Vehicle.v_sportbike1_yaiba_kusanagi_inline10 | maxSpeed 47 -> requested 47 -> live 47 | PREVIOUS_WRITER=Vehicle.v_sportbike1_yaiba_muramasa_naked_ns
2026-09-21 15:22:40   record[6]=Vehicle.v_sportbike1_yaiba_kusanagi_inline11 | maxSpeed 62 -> requested 62 -> live 62 | PREVIOUS_WRITER=Vehicle.v_sportbike1_yaiba_muramasa_naked_ns
2026-09-21 15:22:40   record[7]=Vehicle.v_sportbike1_yaiba_kusanagi_inline12 | maxSpeed 80 -> requested 80 -> live 80 | PREVIOUS_WRITER=Vehicle.v_sportbike1_yaiba_muramasa_naked_ns
2026-09-21 15:22:40   record[8]=Vehicle.v_sportbike1_yaiba_kusanagi_inline13 | maxSpeed 94 -> requested 94 -> live 94 | PREVIOUS_WRITER=Vehicle.v_sportbike1_yaiba_muramasa_naked_ns
2026-09-21 15:22:40 VEHICLE Vehicle.v_sportbike1_yaiba_muramasa_regular | engine=Vehicle.v_sportbike1_yaiba_kusanagi_inline5 | records=8
2026-09-21 15:22:40   record[1]=Vehicle.v_sportbike1_yaiba_kusanagi_inline6 | maxSpeed 3 -> requested 3 -> live 3 | PREVIOUS_WRITER=Vehicle.v_sportbike1_yaiba_muramasa_naked_ns_nr
2026-09-21 15:22:40   record[2]=Vehicle.v_sportbike1_yaiba_kusanagi_inline7 | maxSpeed 12 -> requested 12 -> live 12 | PREVIOUS_WRITER=Vehicle.v_sportbike1_yaiba_muramasa_naked_ns_nr
2026-09-21 15:22:40   record[3]=Vehicle.v_sportbike1_yaiba_kusanagi_inline8 | maxSpeed 21 -> requested 21 -> live 21 | PREVIOUS_WRITER=Vehicle.v_sportbike1_yaiba_muramasa_naked_ns_nr
2026-09-21 15:22:40   record[4]=Vehicle.v_sportbike1_yaiba_kusanagi_inline9 | maxSpeed 33 -> requested 33 -> live 33 | PREVIOUS_WRITER=Vehicle.v_sportbike1_yaiba_muramasa_naked_ns_nr
2026-09-21 15:22:40   record[5]=Vehicle.v_sportbike1_yaiba_kusanagi_inline10 | maxSpeed 47 -> requested 47 -> live 47 | PREVIOUS_WRITER=Vehicle.v_sportbike1_yaiba_muramasa_naked_ns_nr
2026-09-21 15:22:40   record[6]=Vehicle.v_sportbike1_yaiba_kusanagi_inline11 | maxSpeed 62 -> requested 62 -> live 62 | PREVIOUS_WRITER=Vehicle.v_sportbike1_yaiba_muramasa_naked_ns_nr
2026-09-21 15:22:40   record[7]=Vehicle.v_sportbike1_yaiba_kusanagi_inline12 | maxSpeed 80 -> requested 80 -> live 80 | PREVIOUS_WRITER=Vehicle.v_sportbike1_yaiba_muramasa_naked_ns_nr
2026-09-21 15:22:40   record[8]=Vehicle.v_sportbike1_yaiba_kusanagi_inline13 | maxSpeed 94 -> requested 94 -> live 94 | PREVIOUS_WRITER=Vehicle.v_sportbike1_yaiba_muramasa_naked_ns_nr
2026-09-21 15:22:40 VEHICLE Vehicle.v_sportbike1_yaiba_muramasa_regular_as | engine=Vehicle.v_sportbike1_yaiba_kusanagi_inline5 | records=8
2026-09-21 15:22:40   record[1]=Vehicle.v_sportbike1_yaiba_kusanagi_inline6 | maxSpeed 3 -> requested 3 -> live 3 | PREVIOUS_WRITER=Vehicle.v_sportbike1_yaiba_muramasa_regular
2026-09-21 15:22:40   record[2]=Vehicle.v_sportbike1_yaiba_kusanagi_inline7 | maxSpeed 12 -> requested 12 -> live 12 | PREVIOUS_WRITER=Vehicle.v_sportbike1_yaiba_muramasa_regular
2026-09-21 15:22:40   record[3]=Vehicle.v_sportbike1_yaiba_kusanagi_inline8 | maxSpeed 21 -> requested 21 -> live 21 | PREVIOUS_WRITER=Vehicle.v_sportbike1_yaiba_muramasa_regular
2026-09-21 15:22:40   record[4]=Vehicle.v_sportbike1_yaiba_kusanagi_inline9 | maxSpeed 33 -> requested 33 -> live 33 | PREVIOUS_WRITER=Vehicle.v_sportbike1_yaiba_muramasa_regular
2026-09-21 15:22:40   record[5]=Vehicle.v_sportbike1_yaiba_kusanagi_inline10 | maxSpeed 47 -> requested 47 -> live 47 | PREVIOUS_WRITER=Vehicle.v_sportbike1_yaiba_muramasa_regular
2026-09-21 15:22:40   record[6]=Vehicle.v_sportbike1_yaiba_kusanagi_inline11 | maxSpeed 62 -> requested 62 -> live 62 | PREVIOUS_WRITER=Vehicle.v_sportbike1_yaiba_muramasa_regular
2026-09-21 15:22:40   record[7]=Vehicle.v_sportbike1_yaiba_kusanagi_inline12 | maxSpeed 80 -> requested 80 -> live 80 | PREVIOUS_WRITER=Vehicle.v_sportbike1_yaiba_muramasa_regular
2026-09-21 15:22:40   record[8]=Vehicle.v_sportbike1_yaiba_kusanagi_inline13 | maxSpeed 94 -> requested 94 -> live 94 | PREVIOUS_WRITER=Vehicle.v_sportbike1_yaiba_muramasa_regular
2026-09-21 15:22:40 VEHICLE Vehicle.v_sportbike1_yaiba_muramasa_regular_as_nr | engine=Vehicle.v_sportbike1_yaiba_kusanagi_inline5 | records=8
2026-09-21 15:22:40   record[1]=Vehicle.v_sportbike1_yaiba_kusanagi_inline6 | maxSpeed 3 -> requested 3 -> live 3 | PREVIOUS_WRITER=Vehicle.v_sportbike1_yaiba_muramasa_regular_as
2026-09-21 15:22:40   record[2]=Vehicle.v_sportbike1_yaiba_kusanagi_inline7 | maxSpeed 12 -> requested 12 -> live 12 | PREVIOUS_WRITER=Vehicle.v_sportbike1_yaiba_muramasa_regular_as
2026-09-21 15:22:40   record[3]=Vehicle.v_sportbike1_yaiba_kusanagi_inline8 | maxSpeed 21 -> requested 21 -> live 21 | PREVIOUS_WRITER=Vehicle.v_sportbike1_yaiba_muramasa_regular_as
2026-09-21 15:22:40   record[4]=Vehicle.v_sportbike1_yaiba_kusanagi_inline9 | maxSpeed 33 -> requested 33 -> live 33 | PREVIOUS_WRITER=Vehicle.v_sportbike1_yaiba_muramasa_regular_as
2026-09-21 15:22:40   record[5]=Vehicle.v_sportbike1_yaiba_kusanagi_inline10 | maxSpeed 47 -> requested 47 -> live 47 | PREVIOUS_WRITER=Vehicle.v_sportbike1_yaiba_muramasa_regular_as
2026-09-21 15:22:40   record[6]=Vehicle.v_sportbike1_yaiba_kusanagi_inline11 | maxSpeed 62 -> requested 62 -> live 62 | PREVIOUS_WRITER=Vehicle.v_sportbike1_yaiba_muramasa_regular_as
2026-09-21 15:22:40   record[7]=Vehicle.v_sportbike1_yaiba_kusanagi_inline12 | maxSpeed 80 -> requested 80 -> live 80 | PREVIOUS_WRITER=Vehicle.v_sportbike1_yaiba_muramasa_regular_as
2026-09-21 15:22:40   record[8]=Vehicle.v_sportbike1_yaiba_kusanagi_inline13 | maxSpeed 94 -> requested 94 -> live 94 | PREVIOUS_WRITER=Vehicle.v_sportbike1_yaiba_muramasa_regular_as
2026-09-21 15:22:40 VEHICLE Vehicle.v_sportbike1_yaiba_muramasa_regular_as_ns | engine=Vehicle.v_sportbike1_yaiba_kusanagi_inline5 | records=8
2026-09-21 15:22:40   record[1]=Vehicle.v_sportbike1_yaiba_kusanagi_inline6 | maxSpeed 3 -> requested 3 -> live 3 | PREVIOUS_WRITER=Vehicle.v_sportbike1_yaiba_muramasa_regular_as_nr
2026-09-21 15:22:40   record[2]=Vehicle.v_sportbike1_yaiba_kusanagi_inline7 | maxSpeed 12 -> requested 12 -> live 12 | PREVIOUS_WRITER=Vehicle.v_sportbike1_yaiba_muramasa_regular_as_nr
2026-09-21 15:22:40   record[3]=Vehicle.v_sportbike1_yaiba_kusanagi_inline8 | maxSpeed 21 -> requested 21 -> live 21 | PREVIOUS_WRITER=Vehicle.v_sportbike1_yaiba_muramasa_regular_as_nr
2026-09-21 15:22:40   record[4]=Vehicle.v_sportbike1_yaiba_kusanagi_inline9 | maxSpeed 33 -> requested 33 -> live 33 | PREVIOUS_WRITER=Vehicle.v_sportbike1_yaiba_muramasa_regular_as_nr
2026-09-21 15:22:40   record[5]=Vehicle.v_sportbike1_yaiba_kusanagi_inline10 | maxSpeed 47 -> requested 47 -> live 47 | PREVIOUS_WRITER=Vehicle.v_sportbike1_yaiba_muramasa_regular_as_nr
2026-09-21 15:22:40   record[6]=Vehicle.v_sportbike1_yaiba_kusanagi_inline11 | maxSpeed 62 -> requested 62 -> live 62 | PREVIOUS_WRITER=Vehicle.v_sportbike1_yaiba_muramasa_regular_as_nr
2026-09-21 15:22:40   record[7]=Vehicle.v_sportbike1_yaiba_kusanagi_inline12 | maxSpeed 80 -> requested 80 -> live 80 | PREVIOUS_WRITER=Vehicle.v_sportbike1_yaiba_muramasa_regular_as_nr
2026-09-21 15:22:40   record[8]=Vehicle.v_sportbike1_yaiba_kusanagi_inline13 | maxSpeed 94 -> requested 94 -> live 94 | PREVIOUS_WRITER=Vehicle.v_sportbike1_yaiba_muramasa_regular_as_nr
2026-09-21 15:22:40 VEHICLE Vehicle.v_sportbike1_yaiba_muramasa_regular_as_ns_nr | engine=Vehicle.v_sportbike1_yaiba_kusanagi_inline5 | records=8
2026-09-21 15:22:40   record[1]=Vehicle.v_sportbike1_yaiba_kusanagi_inline6 | maxSpeed 3 -> requested 3 -> live 3 | PREVIOUS_WRITER=Vehicle.v_sportbike1_yaiba_muramasa_regular_as_ns
2026-09-21 15:22:40   record[2]=Vehicle.v_sportbike1_yaiba_kusanagi_inline7 | maxSpeed 12 -> requested 12 -> live 12 | PREVIOUS_WRITER=Vehicle.v_sportbike1_yaiba_muramasa_regular_as_ns
2026-09-21 15:22:40   record[3]=Vehicle.v_sportbike1_yaiba_kusanagi_inline8 | maxSpeed 21 -> requested 21 -> live 21 | PREVIOUS_WRITER=Vehicle.v_sportbike1_yaiba_muramasa_regular_as_ns
2026-09-21 15:22:40   record[4]=Vehicle.v_sportbike1_yaiba_kusanagi_inline9 | maxSpeed 33 -> requested 33 -> live 33 | PREVIOUS_WRITER=Vehicle.v_sportbike1_yaiba_muramasa_regular_as_ns
2026-09-21 15:22:40   record[5]=Vehicle.v_sportbike1_yaiba_kusanagi_inline10 | maxSpeed 47 -> requested 47 -> live 47 | PREVIOUS_WRITER=Vehicle.v_sportbike1_yaiba_muramasa_regular_as_ns
2026-09-21 15:22:40   record[6]=Vehicle.v_sportbike1_yaiba_kusanagi_inline11 | maxSpeed 62 -> requested 62 -> live 62 | PREVIOUS_WRITER=Vehicle.v_sportbike1_yaiba_muramasa_regular_as_ns
2026-09-21 15:22:40   record[7]=Vehicle.v_sportbike1_yaiba_kusanagi_inline12 | maxSpeed 80 -> requested 80 -> live 80 | PREVIOUS_WRITER=Vehicle.v_sportbike1_yaiba_muramasa_regular_as_ns
2026-09-21 15:22:40   record[8]=Vehicle.v_sportbike1_yaiba_kusanagi_inline13 | maxSpeed 94 -> requested 94 -> live 94 | PREVIOUS_WRITER=Vehicle.v_sportbike1_yaiba_muramasa_regular_as_ns
2026-09-21 15:22:40 VEHICLE Vehicle.v_sportbike1_yaiba_muramasa_regular_nr | engine=Vehicle.v_sportbike1_yaiba_kusanagi_inline5 | records=8
2026-09-21 15:22:40   record[1]=Vehicle.v_sportbike1_yaiba_kusanagi_inline6 | maxSpeed 3 -> requested 3 -> live 3 | PREVIOUS_WRITER=Vehicle.v_sportbike1_yaiba_muramasa_regular_as_ns_nr
2026-09-21 15:22:40   record[2]=Vehicle.v_sportbike1_yaiba_kusanagi_inline7 | maxSpeed 12 -> requested 12 -> live 12 | PREVIOUS_WRITER=Vehicle.v_sportbike1_yaiba_muramasa_regular_as_ns_nr
2026-09-21 15:22:40   record[3]=Vehicle.v_sportbike1_yaiba_kusanagi_inline8 | maxSpeed 21 -> requested 21 -> live 21 | PREVIOUS_WRITER=Vehicle.v_sportbike1_yaiba_muramasa_regular_as_ns_nr
2026-09-21 15:22:40   record[4]=Vehicle.v_sportbike1_yaiba_kusanagi_inline9 | maxSpeed 33 -> requested 33 -> live 33 | PREVIOUS_WRITER=Vehicle.v_sportbike1_yaiba_muramasa_regular_as_ns_nr
2026-09-21 15:22:40   record[5]=Vehicle.v_sportbike1_yaiba_kusanagi_inline10 | maxSpeed 47 -> requested 47 -> live 47 | PREVIOUS_WRITER=Vehicle.v_sportbike1_yaiba_muramasa_regular_as_ns_nr
2026-09-21 15:22:40   record[6]=Vehicle.v_sportbike1_yaiba_kusanagi_inline11 | maxSpeed 62 -> requested 62 -> live 62 | PREVIOUS_WRITER=Vehicle.v_sportbike1_yaiba_muramasa_regular_as_ns_nr
2026-09-21 15:22:40   record[7]=Vehicle.v_sportbike1_yaiba_kusanagi_inline12 | maxSpeed 80 -> requested 80 -> live 80 | PREVIOUS_WRITER=Vehicle.v_sportbike1_yaiba_muramasa_regular_as_ns_nr
2026-09-21 15:22:40   record[8]=Vehicle.v_sportbike1_yaiba_kusanagi_inline13 | maxSpeed 94 -> requested 94 -> live 94 | PREVIOUS_WRITER=Vehicle.v_sportbike1_yaiba_muramasa_regular_as_ns_nr
2026-09-21 15:22:40 VEHICLE Vehicle.v_sportbike1_yaiba_muramasa_regular_ns | engine=Vehicle.v_sportbike1_yaiba_kusanagi_inline5 | records=8
2026-09-21 15:22:40   record[1]=Vehicle.v_sportbike1_yaiba_kusanagi_inline6 | maxSpeed 3 -> requested 3 -> live 3 | PREVIOUS_WRITER=Vehicle.v_sportbike1_yaiba_muramasa_regular_nr
2026-09-21 15:22:40   record[2]=Vehicle.v_sportbike1_yaiba_kusanagi_inline7 | maxSpeed 12 -> requested 12 -> live 12 | PREVIOUS_WRITER=Vehicle.v_sportbike1_yaiba_muramasa_regular_nr
2026-09-21 15:22:40   record[3]=Vehicle.v_sportbike1_yaiba_kusanagi_inline8 | maxSpeed 21 -> requested 21 -> live 21 | PREVIOUS_WRITER=Vehicle.v_sportbike1_yaiba_muramasa_regular_nr
2026-09-21 15:22:40   record[4]=Vehicle.v_sportbike1_yaiba_kusanagi_inline9 | maxSpeed 33 -> requested 33 -> live 33 | PREVIOUS_WRITER=Vehicle.v_sportbike1_yaiba_muramasa_regular_nr
2026-09-21 15:22:40   record[5]=Vehicle.v_sportbike1_yaiba_kusanagi_inline10 | maxSpeed 47 -> requested 47 -> live 47 | PREVIOUS_WRITER=Vehicle.v_sportbike1_yaiba_muramasa_regular_nr
2026-09-21 15:22:40   record[6]=Vehicle.v_sportbike1_yaiba_kusanagi_inline11 | maxSpeed 62 -> requested 62 -> live 62 | PREVIOUS_WRITER=Vehicle.v_sportbike1_yaiba_muramasa_regular_nr
2026-09-21 15:22:40   record[7]=Vehicle.v_sportbike1_yaiba_kusanagi_inline12 | maxSpeed 80 -> requested 80 -> live 80 | PREVIOUS_WRITER=Vehicle.v_sportbike1_yaiba_muramasa_regular_nr
2026-09-21 15:22:40   record[8]=Vehicle.v_sportbike1_yaiba_kusanagi_inline13 | maxSpeed 94 -> requested 94 -> live 94 | PREVIOUS_WRITER=Vehicle.v_sportbike1_yaiba_muramasa_regular_nr
2026-09-21 15:22:40 VEHICLE Vehicle.v_sportbike1_yaiba_muramasa_regular_ns_nr | engine=Vehicle.v_sportbike1_yaiba_kusanagi_inline5 | records=8
2026-09-21 15:22:40   record[1]=Vehicle.v_sportbike1_yaiba_kusanagi_inline6 | maxSpeed 3 -> requested 3 -> live 3 | PREVIOUS_WRITER=Vehicle.v_sportbike1_yaiba_muramasa_regular_ns
2026-09-21 15:22:40   record[2]=Vehicle.v_sportbike1_yaiba_kusanagi_inline7 | maxSpeed 12 -> requested 12 -> live 12 | PREVIOUS_WRITER=Vehicle.v_sportbike1_yaiba_muramasa_regular_ns
2026-09-21 15:22:40   record[3]=Vehicle.v_sportbike1_yaiba_kusanagi_inline8 | maxSpeed 21 -> requested 21 -> live 21 | PREVIOUS_WRITER=Vehicle.v_sportbike1_yaiba_muramasa_regular_ns
2026-09-21 15:22:40   record[4]=Vehicle.v_sportbike1_yaiba_kusanagi_inline9 | maxSpeed 33 -> requested 33 -> live 33 | PREVIOUS_WRITER=Vehicle.v_sportbike1_yaiba_muramasa_regular_ns
2026-09-21 15:22:40   record[5]=Vehicle.v_sportbike1_yaiba_kusanagi_inline10 | maxSpeed 47 -> requested 47 -> live 47 | PREVIOUS_WRITER=Vehicle.v_sportbike1_yaiba_muramasa_regular_ns
2026-09-21 15:22:40   record[6]=Vehicle.v_sportbike1_yaiba_kusanagi_inline11 | maxSpeed 62 -> requested 62 -> live 62 | PREVIOUS_WRITER=Vehicle.v_sportbike1_yaiba_muramasa_regular_ns
2026-09-21 15:22:40   record[7]=Vehicle.v_sportbike1_yaiba_kusanagi_inline12 | maxSpeed 80 -> requested 80 -> live 80 | PREVIOUS_WRITER=Vehicle.v_sportbike1_yaiba_muramasa_regular_ns
2026-09-21 15:22:40   record[8]=Vehicle.v_sportbike1_yaiba_kusanagi_inline13 | maxSpeed 94 -> requested 94 -> live 94 | PREVIOUS_WRITER=Vehicle.v_sportbike1_yaiba_muramasa_regular_ns
2026-09-21 15:22:40 VEHICLE Vehicle.v_sportbike1_yaiba_kusanagi_player_03 | engine=Vehicle.v_sportbike1_yaiba_kusanagi_inline5 | records=8
2026-09-21 15:22:40   record[1]=Vehicle.v_sportbike1_yaiba_kusanagi_inline6 | maxSpeed 3 -> requested 3 -> live 3 | PREVIOUS_WRITER=Vehicle.v_sportbike1_yaiba_muramasa_regular_ns_nr
2026-09-21 15:22:40   record[2]=Vehicle.v_sportbike1_yaiba_kusanagi_inline7 | maxSpeed 12 -> requested 12 -> live 12 | PREVIOUS_WRITER=Vehicle.v_sportbike1_yaiba_muramasa_regular_ns_nr
2026-09-21 15:22:40   record[3]=Vehicle.v_sportbike1_yaiba_kusanagi_inline8 | maxSpeed 21 -> requested 21 -> live 21 | PREVIOUS_WRITER=Vehicle.v_sportbike1_yaiba_muramasa_regular_ns_nr
2026-09-21 15:22:40   record[4]=Vehicle.v_sportbike1_yaiba_kusanagi_inline9 | maxSpeed 33 -> requested 33 -> live 33 | PREVIOUS_WRITER=Vehicle.v_sportbike1_yaiba_muramasa_regular_ns_nr
2026-09-21 15:22:40   record[5]=Vehicle.v_sportbike1_yaiba_kusanagi_inline10 | maxSpeed 47 -> requested 46 -> live 46 | PREVIOUS_WRITER=Vehicle.v_sportbike1_yaiba_muramasa_regular_ns_nr
2026-09-21 15:22:40   record[6]=Vehicle.v_sportbike1_yaiba_kusanagi_inline11 | maxSpeed 62 -> requested 60 -> live 60 | PREVIOUS_WRITER=Vehicle.v_sportbike1_yaiba_muramasa_regular_ns_nr
2026-09-21 15:22:40   record[7]=Vehicle.v_sportbike1_yaiba_kusanagi_inline12 | maxSpeed 80 -> requested 76 -> live 76 | PREVIOUS_WRITER=Vehicle.v_sportbike1_yaiba_muramasa_regular_ns_nr
2026-09-21 15:22:40   record[8]=Vehicle.v_sportbike1_yaiba_kusanagi_inline13 | maxSpeed 94 -> requested 90 -> live 90 | PREVIOUS_WRITER=Vehicle.v_sportbike1_yaiba_muramasa_regular_ns_nr
2026-09-21 15:22:54 VEHICLE Vehicle.v_sportbike1_yaiba_kusanagi_player_03 | engine=Vehicle.v_sportbike1_yaiba_kusanagi_inline5 | records=8
2026-09-21 15:22:54   record[1]=Vehicle.v_sportbike1_yaiba_kusanagi_inline6 | maxSpeed 3 -> requested 3 -> live 3
2026-09-21 15:22:54   record[2]=Vehicle.v_sportbike1_yaiba_kusanagi_inline7 | maxSpeed 12 -> requested 12 -> live 12
2026-09-21 15:22:54   record[3]=Vehicle.v_sportbike1_yaiba_kusanagi_inline8 | maxSpeed 21 -> requested 21 -> live 21
2026-09-21 15:22:54   record[4]=Vehicle.v_sportbike1_yaiba_kusanagi_inline9 | maxSpeed 33 -> requested 33 -> live 33
2026-09-21 15:22:54   record[5]=Vehicle.v_sportbike1_yaiba_kusanagi_inline10 | maxSpeed 46 -> requested 46 -> live 46
2026-09-21 15:22:54   record[6]=Vehicle.v_sportbike1_yaiba_kusanagi_inline11 | maxSpeed 60 -> requested 60 -> live 60
2026-09-21 15:22:54   record[7]=Vehicle.v_sportbike1_yaiba_kusanagi_inline12 | maxSpeed 76 -> requested 76 -> live 76
2026-09-21 15:22:54   record[8]=Vehicle.v_sportbike1_yaiba_kusanagi_inline13 | maxSpeed 90 -> requested 90 -> live 90
2026-09-21 15:23:16 VEHICLE Vehicle.v_sportbike1_yaiba_kusanagi_player_03 | engine=Vehicle.v_sportbike1_yaiba_kusanagi_inline5 | records=8
2026-09-21 15:23:16   record[1]=Vehicle.v_sportbike1_yaiba_kusanagi_inline6 | maxSpeed 3 -> requested 3 -> live 3
2026-09-21 15:23:16   record[2]=Vehicle.v_sportbike1_yaiba_kusanagi_inline7 | maxSpeed 12 -> requested 12 -> live 12
2026-09-21 15:23:16   record[3]=Vehicle.v_sportbike1_yaiba_kusanagi_inline8 | maxSpeed 21 -> requested 21 -> live 21
2026-09-21 15:23:16   record[4]=Vehicle.v_sportbike1_yaiba_kusanagi_inline9 | maxSpeed 33 -> requested 33 -> live 33
2026-09-21 15:23:16   record[5]=Vehicle.v_sportbike1_yaiba_kusanagi_inline10 | maxSpeed 46 -> requested 46 -> live 46
2026-09-21 15:23:16   record[6]=Vehicle.v_sportbike1_yaiba_kusanagi_inline11 | maxSpeed 60 -> requested 60 -> live 60
2026-09-21 15:23:16   record[7]=Vehicle.v_sportbike1_yaiba_kusanagi_inline12 | maxSpeed 76 -> requested 76 -> live 76
2026-09-21 15:23:16   record[8]=Vehicle.v_sportbike1_yaiba_kusanagi_inline13 | maxSpeed 90 -> requested 90 -> live 90
2026-09-21 15:23:17 VEHICLE Vehicle.v_sportbike1_yaiba_kusanagi_player_03 | engine=Vehicle.v_sportbike1_yaiba_kusanagi_inline5 | records=8
2026-09-21 15:23:17   record[1]=Vehicle.v_sportbike1_yaiba_kusanagi_inline6 | maxSpeed 3 -> requested 3 -> live 3
2026-09-21 15:23:17   record[2]=Vehicle.v_sportbike1_yaiba_kusanagi_inline7 | maxSpeed 12 -> requested 12 -> live 12
2026-09-21 15:23:17   record[3]=Vehicle.v_sportbike1_yaiba_kusanagi_inline8 | maxSpeed 21 -> requested 21 -> live 21
2026-09-21 15:23:17   record[4]=Vehicle.v_sportbike1_yaiba_kusanagi_inline9 | maxSpeed 33 -> requested 33 -> live 33
2026-09-21 15:23:17   record[5]=Vehicle.v_sportbike1_yaiba_kusanagi_inline10 | maxSpeed 46 -> requested 46 -> live 46
2026-09-21 15:23:17   record[6]=Vehicle.v_sportbike1_yaiba_kusanagi_inline11 | maxSpeed 60 -> requested 60 -> live 60
2026-09-21 15:23:17   record[7]=Vehicle.v_sportbike1_yaiba_kusanagi_inline12 | maxSpeed 76 -> requested 76 -> live 76
2026-09-21 15:23:17   record[8]=Vehicle.v_sportbike1_yaiba_kusanagi_inline13 | maxSpeed 90 -> requested 90 -> live 90
2026-09-21 15:23:19 VEHICLE Vehicle.v_sportbike1_yaiba_kusanagi_player_03 | engine=Vehicle.v_sportbike1_yaiba_kusanagi_inline5 | records=8
2026-09-21 15:23:19   record[1]=Vehicle.v_sportbike1_yaiba_kusanagi_inline6 | maxSpeed 3 -> requested 3 -> live 3
2026-09-21 15:23:19   record[2]=Vehicle.v_sportbike1_yaiba_kusanagi_inline7 | maxSpeed 12 -> requested 12 -> live 12
2026-09-21 15:23:19   record[3]=Vehicle.v_sportbike1_yaiba_kusanagi_inline8 | maxSpeed 21 -> requested 21 -> live 21
2026-09-21 15:23:19   record[4]=Vehicle.v_sportbike1_yaiba_kusanagi_inline9 | maxSpeed 33 -> requested 33 -> live 33
2026-09-21 15:23:19   record[5]=Vehicle.v_sportbike1_yaiba_kusanagi_inline10 | maxSpeed 46 -> requested 46 -> live 46
2026-09-21 15:23:19   record[6]=Vehicle.v_sportbike1_yaiba_kusanagi_inline11 | maxSpeed 60 -> requested 60 -> live 60
2026-09-21 15:23:19   record[7]=Vehicle.v_sportbike1_yaiba_kusanagi_inline12 | maxSpeed 76 -> requested 76 -> live 76
2026-09-21 15:23:19   record[8]=Vehicle.v_sportbike1_yaiba_kusanagi_inline13 | maxSpeed 90 -> requested 90 -> live 90
2026-09-21 15:23:22 VEHICLE Vehicle.v_sportbike1_yaiba_kusanagi_player_03 | engine=Vehicle.v_sportbike1_yaiba_kusanagi_inline5 | records=8
2026-09-21 15:23:22   record[1]=Vehicle.v_sportbike1_yaiba_kusanagi_inline6 | maxSpeed 3 -> requested 3 -> live 3
2026-09-21 15:23:22   record[2]=Vehicle.v_sportbike1_yaiba_kusanagi_inline7 | maxSpeed 12 -> requested 12 -> live 12
2026-09-21 15:23:22   record[3]=Vehicle.v_sportbike1_yaiba_kusanagi_inline8 | maxSpeed 21 -> requested 21 -> live 21
2026-09-21 15:23:22   record[4]=Vehicle.v_sportbike1_yaiba_kusanagi_inline9 | maxSpeed 33 -> requested 33 -> live 33
2026-09-21 15:23:22   record[5]=Vehicle.v_sportbike1_yaiba_kusanagi_inline10 | maxSpeed 46 -> requested 46 -> live 46
2026-09-21 15:23:22   record[6]=Vehicle.v_sportbike1_yaiba_kusanagi_inline11 | maxSpeed 60 -> requested 60 -> live 60
2026-09-21 15:23:22   record[7]=Vehicle.v_sportbike1_yaiba_kusanagi_inline12 | maxSpeed 76 -> requested 76 -> live 76
2026-09-21 15:23:22   record[8]=Vehicle.v_sportbike1_yaiba_kusanagi_inline13 | maxSpeed 90 -> requested 90 -> live 90
2026-09-21 15:23:24 VEHICLE Vehicle.v_sportbike1_yaiba_kusanagi_player_03 | engine=Vehicle.v_sportbike1_yaiba_kusanagi_inline5 | records=8
2026-09-21 15:23:24   record[1]=Vehicle.v_sportbike1_yaiba_kusanagi_inline6 | maxSpeed 3 -> requested 3 -> live 3
2026-09-21 15:23:24   record[2]=Vehicle.v_sportbike1_yaiba_kusanagi_inline7 | maxSpeed 12 -> requested 12 -> live 12
2026-09-21 15:23:24   record[3]=Vehicle.v_sportbike1_yaiba_kusanagi_inline8 | maxSpeed 21 -> requested 21 -> live 21
2026-09-21 15:23:24   record[4]=Vehicle.v_sportbike1_yaiba_kusanagi_inline9 | maxSpeed 33 -> requested 33 -> live 33
2026-09-21 15:23:24   record[5]=Vehicle.v_sportbike1_yaiba_kusanagi_inline10 | maxSpeed 46 -> requested 46 -> live 46
2026-09-21 15:23:24   record[6]=Vehicle.v_sportbike1_yaiba_kusanagi_inline11 | maxSpeed 60 -> requested 60 -> live 60
2026-09-21 15:23:24   record[7]=Vehicle.v_sportbike1_yaiba_kusanagi_inline12 | maxSpeed 76 -> requested 76 -> live 76
2026-09-21 15:23:24   record[8]=Vehicle.v_sportbike1_yaiba_kusanagi_inline13 | maxSpeed 90 -> requested 90 -> live 90
2026-09-21 15:23:37 VEHICLE Vehicle.v_sportbike1_yaiba_kusanagi_player_03 | engine=Vehicle.v_sportbike1_yaiba_kusanagi_inline5 | records=8
2026-09-21 15:23:37   record[1]=Vehicle.v_sportbike1_yaiba_kusanagi_inline6 | maxSpeed 3 -> requested 3 -> live 3
2026-09-21 15:23:37   record[2]=Vehicle.v_sportbike1_yaiba_kusanagi_inline7 | maxSpeed 12 -> requested 12 -> live 12
2026-09-21 15:23:37   record[3]=Vehicle.v_sportbike1_yaiba_kusanagi_inline8 | maxSpeed 21 -> requested 21 -> live 21
2026-09-21 15:23:37   record[4]=Vehicle.v_sportbike1_yaiba_kusanagi_inline9 | maxSpeed 33 -> requested 33 -> live 33
2026-09-21 15:23:37   record[5]=Vehicle.v_sportbike1_yaiba_kusanagi_inline10 | maxSpeed 46 -> requested 46 -> live 46
2026-09-21 15:23:37   record[6]=Vehicle.v_sportbike1_yaiba_kusanagi_inline11 | maxSpeed 60 -> requested 60 -> live 60
2026-09-21 15:23:37   record[7]=Vehicle.v_sportbike1_yaiba_kusanagi_inline12 | maxSpeed 76 -> requested 76 -> live 76
2026-09-21 15:23:37   record[8]=Vehicle.v_sportbike1_yaiba_kusanagi_inline13 | maxSpeed 90 -> requested 90 -> live 90
2026-09-21 15:24:51 VEHICLE Vehicle.v_sportbike1_yaiba_kusanagi_player_03 | engine=Vehicle.v_sportbike1_yaiba_kusanagi_inline5 | records=8
2026-09-21 15:24:51   record[1]=Vehicle.v_sportbike1_yaiba_kusanagi_inline6 | maxSpeed 3 -> requested 3 -> live 3
2026-09-21 15:24:51   record[2]=Vehicle.v_sportbike1_yaiba_kusanagi_inline7 | maxSpeed 12 -> requested 12 -> live 12
2026-09-21 15:24:51   record[3]=Vehicle.v_sportbike1_yaiba_kusanagi_inline8 | maxSpeed 21 -> requested 21 -> live 21
2026-09-21 15:24:51   record[4]=Vehicle.v_sportbike1_yaiba_kusanagi_inline9 | maxSpeed 33 -> requested 33 -> live 33
2026-09-21 15:24:51   record[5]=Vehicle.v_sportbike1_yaiba_kusanagi_inline10 | maxSpeed 46 -> requested 46 -> live 46
2026-09-21 15:24:51   record[6]=Vehicle.v_sportbike1_yaiba_kusanagi_inline11 | maxSpeed 60 -> requested 60 -> live 60
2026-09-21 15:24:51   record[7]=Vehicle.v_sportbike1_yaiba_kusanagi_inline12 | maxSpeed 76 -> requested 76 -> live 76
2026-09-21 15:24:51   record[8]=Vehicle.v_sportbike1_yaiba_kusanagi_inline13 | maxSpeed 90 -> requested 90 -> live 90
2026-09-21 15:24:53 VEHICLE Vehicle.v_sportbike1_yaiba_kusanagi_player_03 | engine=Vehicle.v_sportbike1_yaiba_kusanagi_inline5 | records=8
2026-09-21 15:24:53   record[1]=Vehicle.v_sportbike1_yaiba_kusanagi_inline6 | maxSpeed 3 -> requested 3 -> live 3
2026-09-21 15:24:53   record[2]=Vehicle.v_sportbike1_yaiba_kusanagi_inline7 | maxSpeed 12 -> requested 12 -> live 12
2026-09-21 15:24:53   record[3]=Vehicle.v_sportbike1_yaiba_kusanagi_inline8 | maxSpeed 21 -> requested 21 -> live 21
2026-09-21 15:24:53   record[4]=Vehicle.v_sportbike1_yaiba_kusanagi_inline9 | maxSpeed 33 -> requested 33 -> live 33
2026-09-21 15:24:53   record[5]=Vehicle.v_sportbike1_yaiba_kusanagi_inline10 | maxSpeed 46 -> requested 46 -> live 46
2026-09-21 15:24:53   record[6]=Vehicle.v_sportbike1_yaiba_kusanagi_inline11 | maxSpeed 60 -> requested 60 -> live 60
2026-09-21 15:24:53   record[7]=Vehicle.v_sportbike1_yaiba_kusanagi_inline12 | maxSpeed 76 -> requested 76 -> live 76
2026-09-21 15:24:53   record[8]=Vehicle.v_sportbike1_yaiba_kusanagi_inline13 | maxSpeed 90 -> requested 90 -> live 90
2026-09-21 15:24:56 VEHICLE Vehicle.v_sportbike1_yaiba_kusanagi_player_03 | engine=Vehicle.v_sportbike1_yaiba_kusanagi_inline5 | records=8
2026-09-21 15:24:56   record[1]=Vehicle.v_sportbike1_yaiba_kusanagi_inline6 | maxSpeed 3 -> requested 3 -> live 3
2026-09-21 15:24:56   record[2]=Vehicle.v_sportbike1_yaiba_kusanagi_inline7 | maxSpeed 12 -> requested 12 -> live 12
2026-09-21 15:24:56   record[3]=Vehicle.v_sportbike1_yaiba_kusanagi_inline8 | maxSpeed 21 -> requested 21 -> live 21
2026-09-21 15:24:56   record[4]=Vehicle.v_sportbike1_yaiba_kusanagi_inline9 | maxSpeed 33 -> requested 33 -> live 33
2026-09-21 15:24:56   record[5]=Vehicle.v_sportbike1_yaiba_kusanagi_inline10 | maxSpeed 46 -> requested 46 -> live 46
2026-09-21 15:24:56   record[6]=Vehicle.v_sportbike1_yaiba_kusanagi_inline11 | maxSpeed 60 -> requested 60 -> live 60
2026-09-21 15:24:56   record[7]=Vehicle.v_sportbike1_yaiba_kusanagi_inline12 | maxSpeed 76 -> requested 76 -> live 76
2026-09-21 15:24:56   record[8]=Vehicle.v_sportbike1_yaiba_kusanagi_inline13 | maxSpeed 90 -> requested 90 -> live 90
2026-09-21 15:24:59 VEHICLE Vehicle.v_sportbike1_yaiba_kusanagi_player_03 | engine=Vehicle.v_sportbike1_yaiba_kusanagi_inline5 | records=8
2026-09-21 15:24:59   record[1]=Vehicle.v_sportbike1_yaiba_kusanagi_inline6 | maxSpeed 3 -> requested 3 -> live 3
2026-09-21 15:24:59   record[2]=Vehicle.v_sportbike1_yaiba_kusanagi_inline7 | maxSpeed 12 -> requested 12 -> live 12
2026-09-21 15:24:59   record[3]=Vehicle.v_sportbike1_yaiba_kusanagi_inline8 | maxSpeed 21 -> requested 21 -> live 21
2026-09-21 15:24:59   record[4]=Vehicle.v_sportbike1_yaiba_kusanagi_inline9 | maxSpeed 33 -> requested 33 -> live 33
2026-09-21 15:24:59   record[5]=Vehicle.v_sportbike1_yaiba_kusanagi_inline10 | maxSpeed 46 -> requested 46 -> live 46
2026-09-21 15:24:59   record[6]=Vehicle.v_sportbike1_yaiba_kusanagi_inline11 | maxSpeed 60 -> requested 60 -> live 60
2026-09-21 15:24:59   record[7]=Vehicle.v_sportbike1_yaiba_kusanagi_inline12 | maxSpeed 76 -> requested 76 -> live 76
2026-09-21 15:24:59   record[8]=Vehicle.v_sportbike1_yaiba_kusanagi_inline13 | maxSpeed 90 -> requested 90 -> live 90
2026-09-21 15:25:10 VEHICLE Vehicle.v_sportbike1_yaiba_kusanagi_player_03 | engine=Vehicle.v_sportbike1_yaiba_kusanagi_inline5 | records=8
2026-09-21 15:25:10   record[1]=Vehicle.v_sportbike1_yaiba_kusanagi_inline6 | maxSpeed 3 -> requested 3 -> live 3
2026-09-21 15:25:10   record[2]=Vehicle.v_sportbike1_yaiba_kusanagi_inline7 | maxSpeed 12 -> requested 12 -> live 12
2026-09-21 15:25:10   record[3]=Vehicle.v_sportbike1_yaiba_kusanagi_inline8 | maxSpeed 21 -> requested 21 -> live 21
2026-09-21 15:25:10   record[4]=Vehicle.v_sportbike1_yaiba_kusanagi_inline9 | maxSpeed 33 -> requested 33 -> live 33
2026-09-21 15:25:10   record[5]=Vehicle.v_sportbike1_yaiba_kusanagi_inline10 | maxSpeed 46 -> requested 46 -> live 46
2026-09-21 15:25:10   record[6]=Vehicle.v_sportbike1_yaiba_kusanagi_inline11 | maxSpeed 60 -> requested 60 -> live 60
2026-09-21 15:25:10   record[7]=Vehicle.v_sportbike1_yaiba_kusanagi_inline12 | maxSpeed 76 -> requested 76 -> live 76
2026-09-21 15:25:10   record[8]=Vehicle.v_sportbike1_yaiba_kusanagi_inline13 | maxSpeed 90 -> requested 90 -> live 90
2026-09-21 15:25:53 VEHICLE Vehicle.v_sportbike1_yaiba_kusanagi_player_03 | engine=Vehicle.v_sportbike1_yaiba_kusanagi_inline5 | records=8
2026-09-21 15:25:53   record[1]=Vehicle.v_sportbike1_yaiba_kusanagi_inline6 | maxSpeed 3 -> requested 3 -> live 3
2026-09-21 15:25:53   record[2]=Vehicle.v_sportbike1_yaiba_kusanagi_inline7 | maxSpeed 12 -> requested 12 -> live 12
2026-09-21 15:25:53   record[3]=Vehicle.v_sportbike1_yaiba_kusanagi_inline8 | maxSpeed 21 -> requested 21 -> live 21
2026-09-21 15:25:53   record[4]=Vehicle.v_sportbike1_yaiba_kusanagi_inline9 | maxSpeed 33 -> requested 33 -> live 33
2026-09-21 15:25:53   record[5]=Vehicle.v_sportbike1_yaiba_kusanagi_inline10 | maxSpeed 46 -> requested 46 -> live 46
2026-09-21 15:25:53   record[6]=Vehicle.v_sportbike1_yaiba_kusanagi_inline11 | maxSpeed 60 -> requested 60 -> live 60
2026-09-21 15:25:53   record[7]=Vehicle.v_sportbike1_yaiba_kusanagi_inline12 | maxSpeed 76 -> requested 76 -> live 76
2026-09-21 15:25:53   record[8]=Vehicle.v_sportbike1_yaiba_kusanagi_inline13 | maxSpeed 90 -> requested 90 -> live 90
2026-09-21 15:25:57 VEHICLE Vehicle.v_sportbike1_yaiba_kusanagi_player_03 | engine=Vehicle.v_sportbike1_yaiba_kusanagi_inline5 | records=8
2026-09-21 15:25:57   record[1]=Vehicle.v_sportbike1_yaiba_kusanagi_inline6 | maxSpeed 3 -> requested 3 -> live 3
2026-09-21 15:25:57   record[2]=Vehicle.v_sportbike1_yaiba_kusanagi_inline7 | maxSpeed 12 -> requested 12 -> live 12
2026-09-21 15:25:57   record[3]=Vehicle.v_sportbike1_yaiba_kusanagi_inline8 | maxSpeed 21 -> requested 21 -> live 21
2026-09-21 15:25:57   record[4]=Vehicle.v_sportbike1_yaiba_kusanagi_inline9 | maxSpeed 33 -> requested 33 -> live 33
2026-09-21 15:25:57   record[5]=Vehicle.v_sportbike1_yaiba_kusanagi_inline10 | maxSpeed 46 -> requested 46 -> live 46
2026-09-21 15:25:57   record[6]=Vehicle.v_sportbike1_yaiba_kusanagi_inline11 | maxSpeed 60 -> requested 60 -> live 60
2026-09-21 15:25:57   record[7]=Vehicle.v_sportbike1_yaiba_kusanagi_inline12 | maxSpeed 76 -> requested 76 -> live 76
2026-09-21 15:25:57   record[8]=Vehicle.v_sportbike1_yaiba_kusanagi_inline13 | maxSpeed 90 -> requested 90 -> live 90
2026-09-21 15:26:14 VEHICLE Vehicle.v_sportbike1_yaiba_kusanagi_player_03 | engine=Vehicle.v_sportbike1_yaiba_kusanagi_inline5 | records=8
2026-09-21 15:26:14   record[1]=Vehicle.v_sportbike1_yaiba_kusanagi_inline6 | maxSpeed 3 -> requested 3 -> live 3
2026-09-21 15:26:14   record[2]=Vehicle.v_sportbike1_yaiba_kusanagi_inline7 | maxSpeed 12 -> requested 12 -> live 12
2026-09-21 15:26:14   record[3]=Vehicle.v_sportbike1_yaiba_kusanagi_inline8 | maxSpeed 21 -> requested 21 -> live 21
2026-09-21 15:26:14   record[4]=Vehicle.v_sportbike1_yaiba_kusanagi_inline9 | maxSpeed 33 -> requested 33 -> live 33
2026-09-21 15:26:14   record[5]=Vehicle.v_sportbike1_yaiba_kusanagi_inline10 | maxSpeed 46 -> requested 46 -> live 46
2026-09-21 15:26:14   record[6]=Vehicle.v_sportbike1_yaiba_kusanagi_inline11 | maxSpeed 60 -> requested 60 -> live 60
2026-09-21 15:26:14   record[7]=Vehicle.v_sportbike1_yaiba_kusanagi_inline12 | maxSpeed 76 -> requested 76 -> live 76
2026-09-21 15:26:14   record[8]=Vehicle.v_sportbike1_yaiba_kusanagi_inline13 | maxSpeed 90 -> requested 90 -> live 90
2026-09-21 15:26:17 VEHICLE Vehicle.v_sportbike1_yaiba_kusanagi_player_03 | engine=Vehicle.v_sportbike1_yaiba_kusanagi_inline5 | records=8
2026-09-21 15:26:17   record[1]=Vehicle.v_sportbike1_yaiba_kusanagi_inline6 | maxSpeed 3 -> requested 3 -> live 3
2026-09-21 15:26:17   record[2]=Vehicle.v_sportbike1_yaiba_kusanagi_inline7 | maxSpeed 12 -> requested 12 -> live 12
2026-09-21 15:26:17   record[3]=Vehicle.v_sportbike1_yaiba_kusanagi_inline8 | maxSpeed 21 -> requested 21 -> live 21
2026-09-21 15:26:17   record[4]=Vehicle.v_sportbike1_yaiba_kusanagi_inline9 | maxSpeed 33 -> requested 33 -> live 33
2026-09-21 15:26:17   record[5]=Vehicle.v_sportbike1_yaiba_kusanagi_inline10 | maxSpeed 46 -> requested 46 -> live 46
2026-09-21 15:26:17   record[6]=Vehicle.v_sportbike1_yaiba_kusanagi_inline11 | maxSpeed 60 -> requested 60 -> live 60
2026-09-21 15:26:17   record[7]=Vehicle.v_sportbike1_yaiba_kusanagi_inline12 | maxSpeed 76 -> requested 76 -> live 76
2026-09-21 15:26:17   record[8]=Vehicle.v_sportbike1_yaiba_kusanagi_inline13 | maxSpeed 90 -> requested 90 -> live 90
2026-09-21 15:26:22 VEHICLE Vehicle.v_sportbike1_yaiba_kusanagi_player_03 | engine=Vehicle.v_sportbike1_yaiba_kusanagi_inline5 | records=8
2026-09-21 15:26:22   record[1]=Vehicle.v_sportbike1_yaiba_kusanagi_inline6 | maxSpeed 3 -> requested 3 -> live 3
2026-09-21 15:26:22   record[2]=Vehicle.v_sportbike1_yaiba_kusanagi_inline7 | maxSpeed 12 -> requested 12 -> live 12
2026-09-21 15:26:22   record[3]=Vehicle.v_sportbike1_yaiba_kusanagi_inline8 | maxSpeed 21 -> requested 21 -> live 21
2026-09-21 15:26:22   record[4]=Vehicle.v_sportbike1_yaiba_kusanagi_inline9 | maxSpeed 33 -> requested 33 -> live 33
2026-09-21 15:26:22   record[5]=Vehicle.v_sportbike1_yaiba_kusanagi_inline10 | maxSpeed 46 -> requested 46 -> live 46
2026-09-21 15:26:22   record[6]=Vehicle.v_sportbike1_yaiba_kusanagi_inline11 | maxSpeed 60 -> requested 60 -> live 60
2026-09-21 15:26:22   record[7]=Vehicle.v_sportbike1_yaiba_kusanagi_inline12 | maxSpeed 76 -> requested 76 -> live 76
2026-09-21 15:26:22   record[8]=Vehicle.v_sportbike1_yaiba_kusanagi_inline13 | maxSpeed 90 -> requested 90 -> live 90
2026-09-21 15:27:45 VEHICLE Vehicle.v_sportbike1_yaiba_kusanagi_player_03 | engine=Vehicle.v_sportbike1_yaiba_kusanagi_inline5 | records=8
2026-09-21 15:27:45   record[1]=Vehicle.v_sportbike1_yaiba_kusanagi_inline6 | maxSpeed 3 -> requested 3 -> live 3
2026-09-21 15:27:45   record[2]=Vehicle.v_sportbike1_yaiba_kusanagi_inline7 | maxSpeed 12 -> requested 12 -> live 12
2026-09-21 15:27:45   record[3]=Vehicle.v_sportbike1_yaiba_kusanagi_inline8 | maxSpeed 21 -> requested 21 -> live 21
2026-09-21 15:27:45   record[4]=Vehicle.v_sportbike1_yaiba_kusanagi_inline9 | maxSpeed 33 -> requested 33 -> live 33
2026-09-21 15:27:45   record[5]=Vehicle.v_sportbike1_yaiba_kusanagi_inline10 | maxSpeed 46 -> requested 46 -> live 46
2026-09-21 15:27:45   record[6]=Vehicle.v_sportbike1_yaiba_kusanagi_inline11 | maxSpeed 60 -> requested 60 -> live 60
2026-09-21 15:27:45   record[7]=Vehicle.v_sportbike1_yaiba_kusanagi_inline12 | maxSpeed 76 -> requested 76 -> live 76
2026-09-21 15:27:45   record[8]=Vehicle.v_sportbike1_yaiba_kusanagi_inline13 | maxSpeed 90 -> requested 90 -> live 90
2026-09-21 15:27:56 VEHICLE Vehicle.v_sportbike1_yaiba_kusanagi_player_03 | engine=Vehicle.v_sportbike1_yaiba_kusanagi_inline5 | records=8
2026-09-21 15:27:56   record[1]=Vehicle.v_sportbike1_yaiba_kusanagi_inline6 | maxSpeed 3 -> requested 3 -> live 3
2026-09-21 15:27:56   record[2]=Vehicle.v_sportbike1_yaiba_kusanagi_inline7 | maxSpeed 12 -> requested 12 -> live 12
2026-09-21 15:27:56   record[3]=Vehicle.v_sportbike1_yaiba_kusanagi_inline8 | maxSpeed 21 -> requested 21 -> live 21
2026-09-21 15:27:56   record[4]=Vehicle.v_sportbike1_yaiba_kusanagi_inline9 | maxSpeed 33 -> requested 33 -> live 33
2026-09-21 15:27:56   record[5]=Vehicle.v_sportbike1_yaiba_kusanagi_inline10 | maxSpeed 46 -> requested 46 -> live 46
2026-09-21 15:27:56   record[6]=Vehicle.v_sportbike1_yaiba_kusanagi_inline11 | maxSpeed 60 -> requested 60 -> live 60
2026-09-21 15:27:56   record[7]=Vehicle.v_sportbike1_yaiba_kusanagi_inline12 | maxSpeed 76 -> requested 76 -> live 76
2026-09-21 15:27:56   record[8]=Vehicle.v_sportbike1_yaiba_kusanagi_inline13 | maxSpeed 90 -> requested 90 -> live 90
2026-09-21 15:28:52 VEHICLE Vehicle.v_sportbike1_yaiba_kusanagi_player_03 | engine=Vehicle.v_sportbike1_yaiba_kusanagi_inline5 | records=8
2026-09-21 15:28:52   record[1]=Vehicle.v_sportbike1_yaiba_kusanagi_inline6 | maxSpeed 3 -> requested 3 -> live 3
2026-09-21 15:28:52   record[2]=Vehicle.v_sportbike1_yaiba_kusanagi_inline7 | maxSpeed 12 -> requested 12 -> live 12
2026-09-21 15:28:52   record[3]=Vehicle.v_sportbike1_yaiba_kusanagi_inline8 | maxSpeed 21 -> requested 21 -> live 21
2026-09-21 15:28:52   record[4]=Vehicle.v_sportbike1_yaiba_kusanagi_inline9 | maxSpeed 33 -> requested 33 -> live 33
2026-09-21 15:28:52   record[5]=Vehicle.v_sportbike1_yaiba_kusanagi_inline10 | maxSpeed 46 -> requested 46 -> live 46
2026-09-21 15:28:52   record[6]=Vehicle.v_sportbike1_yaiba_kusanagi_inline11 | maxSpeed 60 -> requested 60 -> live 60
2026-09-21 15:28:52   record[7]=Vehicle.v_sportbike1_yaiba_kusanagi_inline12 | maxSpeed 76 -> requested 76 -> live 76
2026-09-21 15:28:52   record[8]=Vehicle.v_sportbike1_yaiba_kusanagi_inline13 | maxSpeed 90 -> requested 90 -> live 90
2026-09-21 15:28:53 VEHICLE Vehicle.v_sportbike1_yaiba_kusanagi_player_03 | engine=Vehicle.v_sportbike1_yaiba_kusanagi_inline5 | records=8
2026-09-21 15:28:53   record[1]=Vehicle.v_sportbike1_yaiba_kusanagi_inline6 | maxSpeed 3 -> requested 3 -> live 3
2026-09-21 15:28:53   record[2]=Vehicle.v_sportbike1_yaiba_kusanagi_inline7 | maxSpeed 12 -> requested 12 -> live 12
2026-09-21 15:28:53   record[3]=Vehicle.v_sportbike1_yaiba_kusanagi_inline8 | maxSpeed 21 -> requested 21 -> live 21
2026-09-21 15:28:53   record[4]=Vehicle.v_sportbike1_yaiba_kusanagi_inline9 | maxSpeed 33 -> requested 33 -> live 33
2026-09-21 15:28:53   record[5]=Vehicle.v_sportbike1_yaiba_kusanagi_inline10 | maxSpeed 46 -> requested 46 -> live 46
2026-09-21 15:28:53   record[6]=Vehicle.v_sportbike1_yaiba_kusanagi_inline11 | maxSpeed 60 -> requested 60 -> live 60
2026-09-21 15:28:53   record[7]=Vehicle.v_sportbike1_yaiba_kusanagi_inline12 | maxSpeed 76 -> requested 76 -> live 76
2026-09-21 15:28:53   record[8]=Vehicle.v_sportbike1_yaiba_kusanagi_inline13 | maxSpeed 90 -> requested 90 -> live 90
2026-09-21 15:28:59 VEHICLE Vehicle.v_sportbike1_yaiba_kusanagi_player_03 | engine=Vehicle.v_sportbike1_yaiba_kusanagi_inline5 | records=8
2026-09-21 15:28:59   record[1]=Vehicle.v_sportbike1_yaiba_kusanagi_inline6 | maxSpeed 3 -> requested 3 -> live 3
2026-09-21 15:28:59   record[2]=Vehicle.v_sportbike1_yaiba_kusanagi_inline7 | maxSpeed 12 -> requested 12 -> live 12
2026-09-21 15:28:59   record[3]=Vehicle.v_sportbike1_yaiba_kusanagi_inline8 | maxSpeed 21 -> requested 21 -> live 21
2026-09-21 15:28:59   record[4]=Vehicle.v_sportbike1_yaiba_kusanagi_inline9 | maxSpeed 33 -> requested 33 -> live 33
2026-09-21 15:28:59   record[5]=Vehicle.v_sportbike1_yaiba_kusanagi_inline10 | maxSpeed 46 -> requested 46 -> live 46
2026-09-21 15:28:59   record[6]=Vehicle.v_sportbike1_yaiba_kusanagi_inline11 | maxSpeed 60 -> requested 60 -> live 60
2026-09-21 15:28:59   record[7]=Vehicle.v_sportbike1_yaiba_kusanagi_inline12 | maxSpeed 76 -> requested 76 -> live 76
2026-09-21 15:28:59   record[8]=Vehicle.v_sportbike1_yaiba_kusanagi_inline13 | maxSpeed 90 -> requested 90 -> live 90
2026-09-21 15:29:02 VEHICLE Vehicle.v_sportbike1_yaiba_kusanagi_player_03 | engine=Vehicle.v_sportbike1_yaiba_kusanagi_inline5 | records=8
2026-09-21 15:29:02   record[1]=Vehicle.v_sportbike1_yaiba_kusanagi_inline6 | maxSpeed 3 -> requested 3 -> live 3
2026-09-21 15:29:02   record[2]=Vehicle.v_sportbike1_yaiba_kusanagi_inline7 | maxSpeed 12 -> requested 12 -> live 12
2026-09-21 15:29:02   record[3]=Vehicle.v_sportbike1_yaiba_kusanagi_inline8 | maxSpeed 21 -> requested 21 -> live 21
2026-09-21 15:29:02   record[4]=Vehicle.v_sportbike1_yaiba_kusanagi_inline9 | maxSpeed 33 -> requested 33 -> live 33
2026-09-21 15:29:02   record[5]=Vehicle.v_sportbike1_yaiba_kusanagi_inline10 | maxSpeed 46 -> requested 46 -> live 46
2026-09-21 15:29:02   record[6]=Vehicle.v_sportbike1_yaiba_kusanagi_inline11 | maxSpeed 60 -> requested 60 -> live 60
2026-09-21 15:29:02   record[7]=Vehicle.v_sportbike1_yaiba_kusanagi_inline12 | maxSpeed 76 -> requested 76 -> live 76
2026-09-21 15:29:02   record[8]=Vehicle.v_sportbike1_yaiba_kusanagi_inline13 | maxSpeed 90 -> requested 90 -> live 90
2026-09-21 15:29:03 VEHICLE Vehicle.v_sportbike1_yaiba_kusanagi_player_03 | engine=Vehicle.v_sportbike1_yaiba_kusanagi_inline5 | records=8
2026-09-21 15:29:03   record[1]=Vehicle.v_sportbike1_yaiba_kusanagi_inline6 | maxSpeed 3 -> requested 3 -> live 3
2026-09-21 15:29:03   record[2]=Vehicle.v_sportbike1_yaiba_kusanagi_inline7 | maxSpeed 12 -> requested 12 -> live 12
2026-09-21 15:29:03   record[3]=Vehicle.v_sportbike1_yaiba_kusanagi_inline8 | maxSpeed 21 -> requested 21 -> live 21
2026-09-21 15:29:03   record[4]=Vehicle.v_sportbike1_yaiba_kusanagi_inline9 | maxSpeed 33 -> requested 33 -> live 33
2026-09-21 15:29:03   record[5]=Vehicle.v_sportbike1_yaiba_kusanagi_inline10 | maxSpeed 46 -> requested 46 -> live 46
2026-09-21 15:29:03   record[6]=Vehicle.v_sportbike1_yaiba_kusanagi_inline11 | maxSpeed 60 -> requested 60 -> live 60
2026-09-21 15:29:03   record[7]=Vehicle.v_sportbike1_yaiba_kusanagi_inline12 | maxSpeed 76 -> requested 76 -> live 76
2026-09-21 15:29:03   record[8]=Vehicle.v_sportbike1_yaiba_kusanagi_inline13 | maxSpeed 90 -> requested 90 -> live 90
2026-09-21 15:29:05 VEHICLE Vehicle.v_sportbike1_yaiba_kusanagi_player_03 | engine=Vehicle.v_sportbike1_yaiba_kusanagi_inline5 | records=8
2026-09-21 15:29:05   record[1]=Vehicle.v_sportbike1_yaiba_kusanagi_inline6 | maxSpeed 3 -> requested 3 -> live 3
2026-09-21 15:29:05   record[2]=Vehicle.v_sportbike1_yaiba_kusanagi_inline7 | maxSpeed 12 -> requested 12 -> live 12
2026-09-21 15:29:05   record[3]=Vehicle.v_sportbike1_yaiba_kusanagi_inline8 | maxSpeed 21 -> requested 21 -> live 21
2026-09-21 15:29:05   record[4]=Vehicle.v_sportbike1_yaiba_kusanagi_inline9 | maxSpeed 33 -> requested 33 -> live 33
2026-09-21 15:29:05   record[5]=Vehicle.v_sportbike1_yaiba_kusanagi_inline10 | maxSpeed 46 -> requested 46 -> live 46
2026-09-21 15:29:05   record[6]=Vehicle.v_sportbike1_yaiba_kusanagi_inline11 | maxSpeed 60 -> requested 60 -> live 60
2026-09-21 15:29:05   record[7]=Vehicle.v_sportbike1_yaiba_kusanagi_inline12 | maxSpeed 76 -> requested 76 -> live 76
2026-09-21 15:29:05   record[8]=Vehicle.v_sportbike1_yaiba_kusanagi_inline13 | maxSpeed 90 -> requested 90 -> live 90
2026-09-21 15:29:06 VEHICLE Vehicle.v_sportbike1_yaiba_kusanagi_player_03 | engine=Vehicle.v_sportbike1_yaiba_kusanagi_inline5 | records=8
2026-09-21 15:29:06   record[1]=Vehicle.v_sportbike1_yaiba_kusanagi_inline6 | maxSpeed 3 -> requested 3 -> live 3
2026-09-21 15:29:06   record[2]=Vehicle.v_sportbike1_yaiba_kusanagi_inline7 | maxSpeed 12 -> requested 12 -> live 12
2026-09-21 15:29:06   record[3]=Vehicle.v_sportbike1_yaiba_kusanagi_inline8 | maxSpeed 21 -> requested 21 -> live 21
2026-09-21 15:29:06   record[4]=Vehicle.v_sportbike1_yaiba_kusanagi_inline9 | maxSpeed 33 -> requested 33 -> live 33
2026-09-21 15:29:06   record[5]=Vehicle.v_sportbike1_yaiba_kusanagi_inline10 | maxSpeed 46 -> requested 46 -> live 46
2026-09-21 15:29:06   record[6]=Vehicle.v_sportbike1_yaiba_kusanagi_inline11 | maxSpeed 60 -> requested 60 -> live 60
2026-09-21 15:29:06   record[7]=Vehicle.v_sportbike1_yaiba_kusanagi_inline12 | maxSpeed 76 -> requested 76 -> live 76
2026-09-21 15:29:06   record[8]=Vehicle.v_sportbike1_yaiba_kusanagi_inline13 | maxSpeed 90 -> requested 90 -> live 90
2026-09-21 15:29:49 VEHICLE Vehicle.v_sportbike1_yaiba_kusanagi_player_03 | engine=Vehicle.v_sportbike1_yaiba_kusanagi_inline5 | records=8
2026-09-21 15:29:49   record[1]=Vehicle.v_sportbike1_yaiba_kusanagi_inline6 | maxSpeed 3 -> requested 3 -> live 3
2026-09-21 15:29:49   record[2]=Vehicle.v_sportbike1_yaiba_kusanagi_inline7 | maxSpeed 12 -> requested 12 -> live 12
2026-09-21 15:29:49   record[3]=Vehicle.v_sportbike1_yaiba_kusanagi_inline8 | maxSpeed 21 -> requested 21 -> live 21
2026-09-21 15:29:49   record[4]=Vehicle.v_sportbike1_yaiba_kusanagi_inline9 | maxSpeed 33 -> requested 33 -> live 33
2026-09-21 15:29:49   record[5]=Vehicle.v_sportbike1_yaiba_kusanagi_inline10 | maxSpeed 46 -> requested 46 -> live 46
2026-09-21 15:29:49   record[6]=Vehicle.v_sportbike1_yaiba_kusanagi_inline11 | maxSpeed 60 -> requested 60 -> live 60
2026-09-21 15:29:49   record[7]=Vehicle.v_sportbike1_yaiba_kusanagi_inline12 | maxSpeed 76 -> requested 76 -> live 76
2026-09-21 15:29:49   record[8]=Vehicle.v_sportbike1_yaiba_kusanagi_inline13 | maxSpeed 90 -> requested 90 -> live 90
2026-09-21 15:29:53 VEHICLE Vehicle.v_sportbike1_yaiba_kusanagi_player_03 | engine=Vehicle.v_sportbike1_yaiba_kusanagi_inline5 | records=8
2026-09-21 15:29:53   record[1]=Vehicle.v_sportbike1_yaiba_kusanagi_inline6 | maxSpeed 3 -> requested 3 -> live 3
2026-09-21 15:29:53   record[2]=Vehicle.v_sportbike1_yaiba_kusanagi_inline7 | maxSpeed 12 -> requested 12 -> live 12
2026-09-21 15:29:53   record[3]=Vehicle.v_sportbike1_yaiba_kusanagi_inline8 | maxSpeed 21 -> requested 21 -> live 21
2026-09-21 15:29:53   record[4]=Vehicle.v_sportbike1_yaiba_kusanagi_inline9 | maxSpeed 33 -> requested 33 -> live 33
2026-09-21 15:29:53   record[5]=Vehicle.v_sportbike1_yaiba_kusanagi_inline10 | maxSpeed 46 -> requested 46 -> live 46
2026-09-21 15:29:53   record[6]=Vehicle.v_sportbike1_yaiba_kusanagi_inline11 | maxSpeed 60 -> requested 60 -> live 60
2026-09-21 15:29:53   record[7]=Vehicle.v_sportbike1_yaiba_kusanagi_inline12 | maxSpeed 76 -> requested 76 -> live 76
2026-09-21 15:29:53   record[8]=Vehicle.v_sportbike1_yaiba_kusanagi_inline13 | maxSpeed 90 -> requested 90 -> live 90
2026-09-21 15:31:06 VEHICLE Vehicle.v_sportbike1_yaiba_kusanagi_player_03 | engine=Vehicle.v_sportbike1_yaiba_kusanagi_inline5 | records=8
2026-09-21 15:31:06   record[1]=Vehicle.v_sportbike1_yaiba_kusanagi_inline6 | maxSpeed 3 -> requested 3 -> live 3
2026-09-21 15:31:06   record[2]=Vehicle.v_sportbike1_yaiba_kusanagi_inline7 | maxSpeed 12 -> requested 12 -> live 12
2026-09-21 15:31:06   record[3]=Vehicle.v_sportbike1_yaiba_kusanagi_inline8 | maxSpeed 21 -> requested 21 -> live 21
2026-09-21 15:31:06   record[4]=Vehicle.v_sportbike1_yaiba_kusanagi_inline9 | maxSpeed 33 -> requested 33 -> live 33
2026-09-21 15:31:06   record[5]=Vehicle.v_sportbike1_yaiba_kusanagi_inline10 | maxSpeed 46 -> requested 46 -> live 46
2026-09-21 15:31:06   record[6]=Vehicle.v_sportbike1_yaiba_kusanagi_inline11 | maxSpeed 60 -> requested 60 -> live 60
2026-09-21 15:31:06   record[7]=Vehicle.v_sportbike1_yaiba_kusanagi_inline12 | maxSpeed 76 -> requested 76 -> live 76
2026-09-21 15:31:06   record[8]=Vehicle.v_sportbike1_yaiba_kusanagi_inline13 | maxSpeed 90 -> requested 90 -> live 90
2026-09-21 15:31:09 VEHICLE Vehicle.v_sportbike1_yaiba_kusanagi_player_03 | engine=Vehicle.v_sportbike1_yaiba_kusanagi_inline5 | records=8
2026-09-21 15:31:09   record[1]=Vehicle.v_sportbike1_yaiba_kusanagi_inline6 | maxSpeed 3 -> requested 3 -> live 3
2026-09-21 15:31:09   record[2]=Vehicle.v_sportbike1_yaiba_kusanagi_inline7 | maxSpeed 12 -> requested 12 -> live 12
2026-09-21 15:31:09   record[3]=Vehicle.v_sportbike1_yaiba_kusanagi_inline8 | maxSpeed 21 -> requested 21 -> live 21
2026-09-21 15:31:09   record[4]=Vehicle.v_sportbike1_yaiba_kusanagi_inline9 | maxSpeed 33 -> requested 33 -> live 33
2026-09-21 15:31:09   record[5]=Vehicle.v_sportbike1_yaiba_kusanagi_inline10 | maxSpeed 46 -> requested 46 -> live 46
2026-09-21 15:31:09   record[6]=Vehicle.v_sportbike1_yaiba_kusanagi_inline11 | maxSpeed 60 -> requested 60 -> live 60
2026-09-21 15:31:09   record[7]=Vehicle.v_sportbike1_yaiba_kusanagi_inline12 | maxSpeed 76 -> requested 76 -> live 76
2026-09-21 15:31:09   record[8]=Vehicle.v_sportbike1_yaiba_kusanagi_inline13 | maxSpeed 90 -> requested 90 -> live 90
2026-09-21 15:31:47 VEHICLE Vehicle.v_sportbike1_yaiba_kusanagi_player_03 | engine=Vehicle.v_sportbike1_yaiba_kusanagi_inline5 | records=8
2026-09-21 15:31:47   record[1]=Vehicle.v_sportbike1_yaiba_kusanagi_inline6 | maxSpeed 3 -> requested 3 -> live 3
2026-09-21 15:31:47   record[2]=Vehicle.v_sportbike1_yaiba_kusanagi_inline7 | maxSpeed 12 -> requested 12 -> live 12
2026-09-21 15:31:47   record[3]=Vehicle.v_sportbike1_yaiba_kusanagi_inline8 | maxSpeed 21 -> requested 21 -> live 21
2026-09-21 15:31:47   record[4]=Vehicle.v_sportbike1_yaiba_kusanagi_inline9 | maxSpeed 33 -> requested 33 -> live 33
2026-09-21 15:31:47   record[5]=Vehicle.v_sportbike1_yaiba_kusanagi_inline10 | maxSpeed 46 -> requested 46 -> live 46
2026-09-21 15:31:47   record[6]=Vehicle.v_sportbike1_yaiba_kusanagi_inline11 | maxSpeed 60 -> requested 60 -> live 60
2026-09-21 15:31:47   record[7]=Vehicle.v_sportbike1_yaiba_kusanagi_inline12 | maxSpeed 76 -> requested 76 -> live 76
2026-09-21 15:31:47   record[8]=Vehicle.v_sportbike1_yaiba_kusanagi_inline13 | maxSpeed 90 -> requested 90 -> live 90
2026-09-21 15:32:02 VEHICLE Vehicle.v_sportbike1_yaiba_kusanagi_player_03 | engine=Vehicle.v_sportbike1_yaiba_kusanagi_inline5 | records=8
2026-09-21 15:32:02   record[1]=Vehicle.v_sportbike1_yaiba_kusanagi_inline6 | maxSpeed 3 -> requested 3 -> live 3
2026-09-21 15:32:02   record[2]=Vehicle.v_sportbike1_yaiba_kusanagi_inline7 | maxSpeed 12 -> requested 12 -> live 12
2026-09-21 15:32:02   record[3]=Vehicle.v_sportbike1_yaiba_kusanagi_inline8 | maxSpeed 21 -> requested 21 -> live 21
2026-09-21 15:32:02   record[4]=Vehicle.v_sportbike1_yaiba_kusanagi_inline9 | maxSpeed 33 -> requested 33 -> live 33
2026-09-21 15:32:02   record[5]=Vehicle.v_sportbike1_yaiba_kusanagi_inline10 | maxSpeed 46 -> requested 46 -> live 46
2026-09-21 15:32:02   record[6]=Vehicle.v_sportbike1_yaiba_kusanagi_inline11 | maxSpeed 60 -> requested 60 -> live 60
2026-09-21 15:32:02   record[7]=Vehicle.v_sportbike1_yaiba_kusanagi_inline12 | maxSpeed 76 -> requested 76 -> live 76
2026-09-21 15:32:02   record[8]=Vehicle.v_sportbike1_yaiba_kusanagi_inline13 | maxSpeed 90 -> requested 90 -> live 90
2026-09-21 15:33:19 VEHICLE Vehicle.v_sportbike1_yaiba_kusanagi_player_03 | engine=Vehicle.v_sportbike1_yaiba_kusanagi_inline5 | records=8
2026-09-21 15:33:19   record[1]=Vehicle.v_sportbike1_yaiba_kusanagi_inline6 | maxSpeed 3 -> requested 3 -> live 3
2026-09-21 15:33:19   record[2]=Vehicle.v_sportbike1_yaiba_kusanagi_inline7 | maxSpeed 12 -> requested 12 -> live 12
2026-09-21 15:33:19   record[3]=Vehicle.v_sportbike1_yaiba_kusanagi_inline8 | maxSpeed 21 -> requested 21 -> live 21
2026-09-21 15:33:19   record[4]=Vehicle.v_sportbike1_yaiba_kusanagi_inline9 | maxSpeed 33 -> requested 33 -> live 33
2026-09-21 15:33:19   record[5]=Vehicle.v_sportbike1_yaiba_kusanagi_inline10 | maxSpeed 46 -> requested 46 -> live 46
2026-09-21 15:33:19   record[6]=Vehicle.v_sportbike1_yaiba_kusanagi_inline11 | maxSpeed 60 -> requested 60 -> live 60
2026-09-21 15:33:19   record[7]=Vehicle.v_sportbike1_yaiba_kusanagi_inline12 | maxSpeed 76 -> requested 76 -> live 76
2026-09-21 15:33:19   record[8]=Vehicle.v_sportbike1_yaiba_kusanagi_inline13 | maxSpeed 90 -> requested 90 -> live 90
2026-09-21 15:33:29 VEHICLE Vehicle.v_sportbike1_yaiba_kusanagi_player_03 | engine=Vehicle.v_sportbike1_yaiba_kusanagi_inline5 | records=8
2026-09-21 15:33:29   record[1]=Vehicle.v_sportbike1_yaiba_kusanagi_inline6 | maxSpeed 3 -> requested 3 -> live 3
2026-09-21 15:33:29   record[2]=Vehicle.v_sportbike1_yaiba_kusanagi_inline7 | maxSpeed 12 -> requested 12 -> live 12
2026-09-21 15:33:29   record[3]=Vehicle.v_sportbike1_yaiba_kusanagi_inline8 | maxSpeed 21 -> requested 21 -> live 21
2026-09-21 15:33:29   record[4]=Vehicle.v_sportbike1_yaiba_kusanagi_inline9 | maxSpeed 33 -> requested 33 -> live 33
2026-09-21 15:33:29   record[5]=Vehicle.v_sportbike1_yaiba_kusanagi_inline10 | maxSpeed 46 -> requested 46 -> live 46
2026-09-21 15:33:29   record[6]=Vehicle.v_sportbike1_yaiba_kusanagi_inline11 | maxSpeed 60 -> requested 60 -> live 60
2026-09-21 15:33:29   record[7]=Vehicle.v_sportbike1_yaiba_kusanagi_inline12 | maxSpeed 76 -> requested 76 -> live 76
2026-09-21 15:33:29   record[8]=Vehicle.v_sportbike1_yaiba_kusanagi_inline13 | maxSpeed 90 -> requested 90 -> live 90
2026-09-21 15:33:30 VEHICLE Vehicle.v_sportbike1_yaiba_kusanagi_player_03 | engine=Vehicle.v_sportbike1_yaiba_kusanagi_inline5 | records=8
2026-09-21 15:33:30   record[1]=Vehicle.v_sportbike1_yaiba_kusanagi_inline6 | maxSpeed 3 -> requested 3 -> live 3
2026-09-21 15:33:30   record[2]=Vehicle.v_sportbike1_yaiba_kusanagi_inline7 | maxSpeed 12 -> requested 12 -> live 12
2026-09-21 15:33:30   record[3]=Vehicle.v_sportbike1_yaiba_kusanagi_inline8 | maxSpeed 21 -> requested 21 -> live 21
2026-09-21 15:33:30   record[4]=Vehicle.v_sportbike1_yaiba_kusanagi_inline9 | maxSpeed 33 -> requested 33 -> live 33
2026-09-21 15:33:30   record[5]=Vehicle.v_sportbike1_yaiba_kusanagi_inline10 | maxSpeed 46 -> requested 46 -> live 46
2026-09-21 15:33:30   record[6]=Vehicle.v_sportbike1_yaiba_kusanagi_inline11 | maxSpeed 60 -> requested 60 -> live 60
2026-09-21 15:33:30   record[7]=Vehicle.v_sportbike1_yaiba_kusanagi_inline12 | maxSpeed 76 -> requested 76 -> live 76
2026-09-21 15:33:30   record[8]=Vehicle.v_sportbike1_yaiba_kusanagi_inline13 | maxSpeed 90 -> requested 90 -> live 90
2026-09-21 15:38:28 VEHICLE Vehicle.v_sportbike1_yaiba_kusanagi_player_03 | engine=Vehicle.v_sportbike1_yaiba_kusanagi_inline5 | records=8
2026-09-21 15:38:28   record[1]=Vehicle.v_sportbike1_yaiba_kusanagi_inline6 | maxSpeed 3 -> requested 3 -> live 3
2026-09-21 15:38:28   record[2]=Vehicle.v_sportbike1_yaiba_kusanagi_inline7 | maxSpeed 12 -> requested 12 -> live 12
2026-09-21 15:38:28   record[3]=Vehicle.v_sportbike1_yaiba_kusanagi_inline8 | maxSpeed 21 -> requested 21 -> live 21
2026-09-21 15:38:28   record[4]=Vehicle.v_sportbike1_yaiba_kusanagi_inline9 | maxSpeed 33 -> requested 33 -> live 33
2026-09-21 15:38:28   record[5]=Vehicle.v_sportbike1_yaiba_kusanagi_inline10 | maxSpeed 46 -> requested 46 -> live 46
2026-09-21 15:38:28   record[6]=Vehicle.v_sportbike1_yaiba_kusanagi_inline11 | maxSpeed 60 -> requested 60 -> live 60
2026-09-21 15:38:28   record[7]=Vehicle.v_sportbike1_yaiba_kusanagi_inline12 | maxSpeed 76 -> requested 76 -> live 76
2026-09-21 15:38:28   record[8]=Vehicle.v_sportbike1_yaiba_kusanagi_inline13 | maxSpeed 90 -> requested 90 -> live 90
2026-09-21 15:38:46 VEHICLE Vehicle.v_sportbike1_yaiba_kusanagi_player_03 | engine=Vehicle.v_sportbike1_yaiba_kusanagi_inline5 | records=8
2026-09-21 15:38:46   record[1]=Vehicle.v_sportbike1_yaiba_kusanagi_inline6 | maxSpeed 3 -> requested 3 -> live 3
2026-09-21 15:38:46   record[2]=Vehicle.v_sportbike1_yaiba_kusanagi_inline7 | maxSpeed 12 -> requested 12 -> live 12
2026-09-21 15:38:46   record[3]=Vehicle.v_sportbike1_yaiba_kusanagi_inline8 | maxSpeed 21 -> requested 21 -> live 21
2026-09-21 15:38:46   record[4]=Vehicle.v_sportbike1_yaiba_kusanagi_inline9 | maxSpeed 33 -> requested 33 -> live 33
2026-09-21 15:38:46   record[5]=Vehicle.v_sportbike1_yaiba_kusanagi_inline10 | maxSpeed 46 -> requested 46 -> live 46
2026-09-21 15:38:46   record[6]=Vehicle.v_sportbike1_yaiba_kusanagi_inline11 | maxSpeed 60 -> requested 60 -> live 60
2026-09-21 15:38:46   record[7]=Vehicle.v_sportbike1_yaiba_kusanagi_inline12 | maxSpeed 76 -> requested 76 -> live 76
2026-09-21 15:38:46   record[8]=Vehicle.v_sportbike1_yaiba_kusanagi_inline13 | maxSpeed 90 -> requested 90 -> live 90
2026-09-21 15:38:48 VEHICLE Vehicle.v_sportbike1_yaiba_kusanagi_player_03 | engine=Vehicle.v_sportbike1_yaiba_kusanagi_inline5 | records=8
2026-09-21 15:38:48   record[1]=Vehicle.v_sportbike1_yaiba_kusanagi_inline6 | maxSpeed 3 -> requested 3 -> live 3
2026-09-21 15:38:48   record[2]=Vehicle.v_sportbike1_yaiba_kusanagi_inline7 | maxSpeed 12 -> requested 12 -> live 12
2026-09-21 15:38:48   record[3]=Vehicle.v_sportbike1_yaiba_kusanagi_inline8 | maxSpeed 21 -> requested 21 -> live 21
2026-09-21 15:38:48   record[4]=Vehicle.v_sportbike1_yaiba_kusanagi_inline9 | maxSpeed 33 -> requested 33 -> live 33
2026-09-21 15:38:48   record[5]=Vehicle.v_sportbike1_yaiba_kusanagi_inline10 | maxSpeed 46 -> requested 46 -> live 46
2026-09-21 15:38:48   record[6]=Vehicle.v_sportbike1_yaiba_kusanagi_inline11 | maxSpeed 60 -> requested 60 -> live 60
2026-09-21 15:38:48   record[7]=Vehicle.v_sportbike1_yaiba_kusanagi_inline12 | maxSpeed 76 -> requested 76 -> live 76
2026-09-21 15:38:48   record[8]=Vehicle.v_sportbike1_yaiba_kusanagi_inline13 | maxSpeed 90 -> requested 90 -> live 90
2026-09-21 15:39:36 VEHICLE Vehicle.v_sportbike1_yaiba_kusanagi_player_03 | engine=Vehicle.v_sportbike1_yaiba_kusanagi_inline5 | records=8
2026-09-21 15:39:36   record[1]=Vehicle.v_sportbike1_yaiba_kusanagi_inline6 | maxSpeed 3 -> requested 3 -> live 3
2026-09-21 15:39:36   record[2]=Vehicle.v_sportbike1_yaiba_kusanagi_inline7 | maxSpeed 12 -> requested 12 -> live 12
2026-09-21 15:39:36   record[3]=Vehicle.v_sportbike1_yaiba_kusanagi_inline8 | maxSpeed 21 -> requested 21 -> live 21
2026-09-21 15:39:36   record[4]=Vehicle.v_sportbike1_yaiba_kusanagi_inline9 | maxSpeed 33 -> requested 33 -> live 33
2026-09-21 15:39:36   record[5]=Vehicle.v_sportbike1_yaiba_kusanagi_inline10 | maxSpeed 46 -> requested 46 -> live 46
2026-09-21 15:39:36   record[6]=Vehicle.v_sportbike1_yaiba_kusanagi_inline11 | maxSpeed 60 -> requested 60 -> live 60
2026-09-21 15:39:36   record[7]=Vehicle.v_sportbike1_yaiba_kusanagi_inline12 | maxSpeed 76 -> requested 76 -> live 76
2026-09-21 15:39:36   record[8]=Vehicle.v_sportbike1_yaiba_kusanagi_inline13 | maxSpeed 90 -> requested 90 -> live 90
2026-09-21 15:42:52 VEHICLE Vehicle.v_sportbike1_yaiba_kusanagi_player_03 | engine=Vehicle.v_sportbike1_yaiba_kusanagi_inline5 | records=8
2026-09-21 15:42:52   record[1]=Vehicle.v_sportbike1_yaiba_kusanagi_inline6 | maxSpeed 3 -> requested 3 -> live 3
2026-09-21 15:42:52   record[2]=Vehicle.v_sportbike1_yaiba_kusanagi_inline7 | maxSpeed 12 -> requested 12 -> live 12
2026-09-21 15:42:52   record[3]=Vehicle.v_sportbike1_yaiba_kusanagi_inline8 | maxSpeed 21 -> requested 21 -> live 21
2026-09-21 15:42:52   record[4]=Vehicle.v_sportbike1_yaiba_kusanagi_inline9 | maxSpeed 33 -> requested 33 -> live 33
2026-09-21 15:42:52   record[5]=Vehicle.v_sportbike1_yaiba_kusanagi_inline10 | maxSpeed 46 -> requested 46 -> live 46
2026-09-21 15:42:52   record[6]=Vehicle.v_sportbike1_yaiba_kusanagi_inline11 | maxSpeed 60 -> requested 60 -> live 60
2026-09-21 15:42:52   record[7]=Vehicle.v_sportbike1_yaiba_kusanagi_inline12 | maxSpeed 76 -> requested 76 -> live 76
2026-09-21 15:42:52   record[8]=Vehicle.v_sportbike1_yaiba_kusanagi_inline13 | maxSpeed 90 -> requested 90 -> live 90
2026-09-21 15:43:14 VEHICLE Vehicle.v_sportbike1_yaiba_kusanagi_player_03 | engine=Vehicle.v_sportbike1_yaiba_kusanagi_inline5 | records=8
2026-09-21 15:43:14   record[1]=Vehicle.v_sportbike1_yaiba_kusanagi_inline6 | maxSpeed 3 -> requested 3 -> live 3
2026-09-21 15:43:14   record[2]=Vehicle.v_sportbike1_yaiba_kusanagi_inline7 | maxSpeed 12 -> requested 12 -> live 12
2026-09-21 15:43:14   record[3]=Vehicle.v_sportbike1_yaiba_kusanagi_inline8 | maxSpeed 21 -> requested 21 -> live 21
2026-09-21 15:43:14   record[4]=Vehicle.v_sportbike1_yaiba_kusanagi_inline9 | maxSpeed 33 -> requested 33 -> live 33
2026-09-21 15:43:14   record[5]=Vehicle.v_sportbike1_yaiba_kusanagi_inline10 | maxSpeed 46 -> requested 46 -> live 46
2026-09-21 15:43:14   record[6]=Vehicle.v_sportbike1_yaiba_kusanagi_inline11 | maxSpeed 60 -> requested 60 -> live 60
2026-09-21 15:43:14   record[7]=Vehicle.v_sportbike1_yaiba_kusanagi_inline12 | maxSpeed 76 -> requested 76 -> live 76
2026-09-21 15:43:14   record[8]=Vehicle.v_sportbike1_yaiba_kusanagi_inline13 | maxSpeed 90 -> requested 90 -> live 90
2026-09-21 15:44:02 VEHICLE Vehicle.v_sportbike1_yaiba_kusanagi_player_03 | engine=Vehicle.v_sportbike1_yaiba_kusanagi_inline5 | records=8
2026-09-21 15:44:02   record[1]=Vehicle.v_sportbike1_yaiba_kusanagi_inline6 | maxSpeed 3 -> requested 3 -> live 3
2026-09-21 15:44:02   record[2]=Vehicle.v_sportbike1_yaiba_kusanagi_inline7 | maxSpeed 12 -> requested 12 -> live 12
2026-09-21 15:44:02   record[3]=Vehicle.v_sportbike1_yaiba_kusanagi_inline8 | maxSpeed 21 -> requested 21 -> live 21
2026-09-21 15:44:02   record[4]=Vehicle.v_sportbike1_yaiba_kusanagi_inline9 | maxSpeed 33 -> requested 33 -> live 33
2026-09-21 15:44:02   record[5]=Vehicle.v_sportbike1_yaiba_kusanagi_inline10 | maxSpeed 46 -> requested 46 -> live 46
2026-09-21 15:44:02   record[6]=Vehicle.v_sportbike1_yaiba_kusanagi_inline11 | maxSpeed 60 -> requested 60 -> live 60
2026-09-21 15:44:02   record[7]=Vehicle.v_sportbike1_yaiba_kusanagi_inline12 | maxSpeed 76 -> requested 76 -> live 76
2026-09-21 15:44:02   record[8]=Vehicle.v_sportbike1_yaiba_kusanagi_inline13 | maxSpeed 90 -> requested 90 -> live 90
2026-09-21 15:44:32 VEHICLE Vehicle.v_sportbike1_yaiba_kusanagi_player_03 | engine=Vehicle.v_sportbike1_yaiba_kusanagi_inline5 | records=8
2026-09-21 15:44:32   record[1]=Vehicle.v_sportbike1_yaiba_kusanagi_inline6 | maxSpeed 3 -> requested 3 -> live 3
2026-09-21 15:44:32   record[2]=Vehicle.v_sportbike1_yaiba_kusanagi_inline7 | maxSpeed 12 -> requested 12 -> live 12
2026-09-21 15:44:32   record[3]=Vehicle.v_sportbike1_yaiba_kusanagi_inline8 | maxSpeed 21 -> requested 21 -> live 21
2026-09-21 15:44:32   record[4]=Vehicle.v_sportbike1_yaiba_kusanagi_inline9 | maxSpeed 33 -> requested 33 -> live 33
2026-09-21 15:44:32   record[5]=Vehicle.v_sportbike1_yaiba_kusanagi_inline10 | maxSpeed 46 -> requested 46 -> live 46
2026-09-21 15:44:32   record[6]=Vehicle.v_sportbike1_yaiba_kusanagi_inline11 | maxSpeed 60 -> requested 60 -> live 60
2026-09-21 15:44:32   record[7]=Vehicle.v_sportbike1_yaiba_kusanagi_inline12 | maxSpeed 76 -> requested 76 -> live 76
2026-09-21 15:44:32   record[8]=Vehicle.v_sportbike1_yaiba_kusanagi_inline13 | maxSpeed 90 -> requested 90 -> live 90
2026-09-21 15:46:19 VEHICLE Vehicle.v_sportbike1_yaiba_kusanagi_player_03 | engine=Vehicle.v_sportbike1_yaiba_kusanagi_inline5 | records=8
2026-09-21 15:46:19   record[1]=Vehicle.v_sportbike1_yaiba_kusanagi_inline6 | maxSpeed 3 -> requested 3 -> live 3
2026-09-21 15:46:19   record[2]=Vehicle.v_sportbike1_yaiba_kusanagi_inline7 | maxSpeed 12 -> requested 12 -> live 12
2026-09-21 15:46:19   record[3]=Vehicle.v_sportbike1_yaiba_kusanagi_inline8 | maxSpeed 21 -> requested 21 -> live 21
2026-09-21 15:46:19   record[4]=Vehicle.v_sportbike1_yaiba_kusanagi_inline9 | maxSpeed 33 -> requested 33 -> live 33
2026-09-21 15:46:19   record[5]=Vehicle.v_sportbike1_yaiba_kusanagi_inline10 | maxSpeed 46 -> requested 46 -> live 46
2026-09-21 15:46:19   record[6]=Vehicle.v_sportbike1_yaiba_kusanagi_inline11 | maxSpeed 60 -> requested 60 -> live 60
2026-09-21 15:46:19   record[7]=Vehicle.v_sportbike1_yaiba_kusanagi_inline12 | maxSpeed 76 -> requested 76 -> live 76
2026-09-21 15:46:19   record[8]=Vehicle.v_sportbike1_yaiba_kusanagi_inline13 | maxSpeed 90 -> requested 90 -> live 90
2026-09-21 15:46:20 VEHICLE Vehicle.v_sportbike1_yaiba_kusanagi_player_03 | engine=Vehicle.v_sportbike1_yaiba_kusanagi_inline5 | records=8
2026-09-21 15:46:20   record[1]=Vehicle.v_sportbike1_yaiba_kusanagi_inline6 | maxSpeed 3 -> requested 3 -> live 3
2026-09-21 15:46:20   record[2]=Vehicle.v_sportbike1_yaiba_kusanagi_inline7 | maxSpeed 12 -> requested 12 -> live 12
2026-09-21 15:46:20   record[3]=Vehicle.v_sportbike1_yaiba_kusanagi_inline8 | maxSpeed 21 -> requested 21 -> live 21
2026-09-21 15:46:20   record[4]=Vehicle.v_sportbike1_yaiba_kusanagi_inline9 | maxSpeed 33 -> requested 33 -> live 33
2026-09-21 15:46:20   record[5]=Vehicle.v_sportbike1_yaiba_kusanagi_inline10 | maxSpeed 46 -> requested 46 -> live 46
2026-09-21 15:46:20   record[6]=Vehicle.v_sportbike1_yaiba_kusanagi_inline11 | maxSpeed 60 -> requested 60 -> live 60
2026-09-21 15:46:20   record[7]=Vehicle.v_sportbike1_yaiba_kusanagi_inline12 | maxSpeed 76 -> requested 76 -> live 76
2026-09-21 15:46:20   record[8]=Vehicle.v_sportbike1_yaiba_kusanagi_inline13 | maxSpeed 90 -> requested 90 -> live 90
2026-09-21 15:46:31 VEHICLE Vehicle.v_sportbike1_yaiba_kusanagi_player_03 | engine=Vehicle.v_sportbike1_yaiba_kusanagi_inline5 | records=8
2026-09-21 15:46:31   record[1]=Vehicle.v_sportbike1_yaiba_kusanagi_inline6 | maxSpeed 3 -> requested 3 -> live 3
2026-09-21 15:46:31   record[2]=Vehicle.v_sportbike1_yaiba_kusanagi_inline7 | maxSpeed 12 -> requested 12 -> live 12
2026-09-21 15:46:31   record[3]=Vehicle.v_sportbike1_yaiba_kusanagi_inline8 | maxSpeed 21 -> requested 21 -> live 21
2026-09-21 15:46:31   record[4]=Vehicle.v_sportbike1_yaiba_kusanagi_inline9 | maxSpeed 33 -> requested 33 -> live 33
2026-09-21 15:46:31   record[5]=Vehicle.v_sportbike1_yaiba_kusanagi_inline10 | maxSpeed 46 -> requested 46 -> live 46
2026-09-21 15:46:31   record[6]=Vehicle.v_sportbike1_yaiba_kusanagi_inline11 | maxSpeed 60 -> requested 60 -> live 60
2026-09-21 15:46:31   record[7]=Vehicle.v_sportbike1_yaiba_kusanagi_inline12 | maxSpeed 76 -> requested 76 -> live 76
2026-09-21 15:46:31   record[8]=Vehicle.v_sportbike1_yaiba_kusanagi_inline13 | maxSpeed 90 -> requested 90 -> live 90
2026-09-21 15:46:48 VEHICLE Vehicle.v_sportbike1_yaiba_kusanagi_player_03 | engine=Vehicle.v_sportbike1_yaiba_kusanagi_inline5 | records=8
2026-09-21 15:46:48   record[1]=Vehicle.v_sportbike1_yaiba_kusanagi_inline6 | maxSpeed 3 -> requested 3 -> live 3
2026-09-21 15:46:48   record[2]=Vehicle.v_sportbike1_yaiba_kusanagi_inline7 | maxSpeed 12 -> requested 12 -> live 12
2026-09-21 15:46:48   record[3]=Vehicle.v_sportbike1_yaiba_kusanagi_inline8 | maxSpeed 21 -> requested 21 -> live 21
2026-09-21 15:46:48   record[4]=Vehicle.v_sportbike1_yaiba_kusanagi_inline9 | maxSpeed 33 -> requested 33 -> live 33
2026-09-21 15:46:48   record[5]=Vehicle.v_sportbike1_yaiba_kusanagi_inline10 | maxSpeed 46 -> requested 46 -> live 46
2026-09-21 15:46:48   record[6]=Vehicle.v_sportbike1_yaiba_kusanagi_inline11 | maxSpeed 60 -> requested 60 -> live 60
2026-09-21 15:46:48   record[7]=Vehicle.v_sportbike1_yaiba_kusanagi_inline12 | maxSpeed 76 -> requested 76 -> live 76
2026-09-21 15:46:48   record[8]=Vehicle.v_sportbike1_yaiba_kusanagi_inline13 | maxSpeed 90 -> requested 90 -> live 90
2026-09-21 15:46:48 VEHICLE Vehicle.v_sportbike1_yaiba_kusanagi_player_03 | engine=Vehicle.v_sportbike1_yaiba_kusanagi_inline5 | records=8
2026-09-21 15:46:48   record[1]=Vehicle.v_sportbike1_yaiba_kusanagi_inline6 | maxSpeed 3 -> requested 3 -> live 3
2026-09-21 15:46:48   record[2]=Vehicle.v_sportbike1_yaiba_kusanagi_inline7 | maxSpeed 12 -> requested 12 -> live 12
2026-09-21 15:46:48   record[3]=Vehicle.v_sportbike1_yaiba_kusanagi_inline8 | maxSpeed 21 -> requested 21 -> live 21
2026-09-21 15:46:48   record[4]=Vehicle.v_sportbike1_yaiba_kusanagi_inline9 | maxSpeed 33 -> requested 33 -> live 33
2026-09-21 15:46:48   record[5]=Vehicle.v_sportbike1_yaiba_kusanagi_inline10 | maxSpeed 46 -> requested 46 -> live 46
2026-09-21 15:46:48   record[6]=Vehicle.v_sportbike1_yaiba_kusanagi_inline11 | maxSpeed 60 -> requested 60 -> live 60
2026-09-21 15:46:48   record[7]=Vehicle.v_sportbike1_yaiba_kusanagi_inline12 | maxSpeed 76 -> requested 76 -> live 76
2026-09-21 15:46:48   record[8]=Vehicle.v_sportbike1_yaiba_kusanagi_inline13 | maxSpeed 90 -> requested 90 -> live 90
2026-09-21 15:47:17 VEHICLE Vehicle.v_sportbike1_yaiba_kusanagi_player_03 | engine=Vehicle.v_sportbike1_yaiba_kusanagi_inline5 | records=8
2026-09-21 15:47:17   record[1]=Vehicle.v_sportbike1_yaiba_kusanagi_inline6 | maxSpeed 3 -> requested 3 -> live 3
2026-09-21 15:47:17   record[2]=Vehicle.v_sportbike1_yaiba_kusanagi_inline7 | maxSpeed 12 -> requested 12 -> live 12
2026-09-21 15:47:17   record[3]=Vehicle.v_sportbike1_yaiba_kusanagi_inline8 | maxSpeed 21 -> requested 21 -> live 21
2026-09-21 15:47:17   record[4]=Vehicle.v_sportbike1_yaiba_kusanagi_inline9 | maxSpeed 33 -> requested 33 -> live 33
2026-09-21 15:47:17   record[5]=Vehicle.v_sportbike1_yaiba_kusanagi_inline10 | maxSpeed 46 -> requested 46 -> live 46
2026-09-21 15:47:17   record[6]=Vehicle.v_sportbike1_yaiba_kusanagi_inline11 | maxSpeed 60 -> requested 60 -> live 60
2026-09-21 15:47:17   record[7]=Vehicle.v_sportbike1_yaiba_kusanagi_inline12 | maxSpeed 76 -> requested 76 -> live 76
2026-09-21 15:47:17   record[8]=Vehicle.v_sportbike1_yaiba_kusanagi_inline13 | maxSpeed 90 -> requested 90 -> live 90
2026-09-21 15:47:19 VEHICLE Vehicle.v_sportbike1_yaiba_kusanagi_player_03 | engine=Vehicle.v_sportbike1_yaiba_kusanagi_inline5 | records=8
2026-09-21 15:47:19   record[1]=Vehicle.v_sportbike1_yaiba_kusanagi_inline6 | maxSpeed 3 -> requested 3 -> live 3
2026-09-21 15:47:19   record[2]=Vehicle.v_sportbike1_yaiba_kusanagi_inline7 | maxSpeed 12 -> requested 12 -> live 12
2026-09-21 15:47:19   record[3]=Vehicle.v_sportbike1_yaiba_kusanagi_inline8 | maxSpeed 21 -> requested 21 -> live 21
2026-09-21 15:47:19   record[4]=Vehicle.v_sportbike1_yaiba_kusanagi_inline9 | maxSpeed 33 -> requested 33 -> live 33
2026-09-21 15:47:19   record[5]=Vehicle.v_sportbike1_yaiba_kusanagi_inline10 | maxSpeed 46 -> requested 46 -> live 46
2026-09-21 15:47:19   record[6]=Vehicle.v_sportbike1_yaiba_kusanagi_inline11 | maxSpeed 60 -> requested 60 -> live 60
2026-09-21 15:47:19   record[7]=Vehicle.v_sportbike1_yaiba_kusanagi_inline12 | maxSpeed 76 -> requested 76 -> live 76
2026-09-21 15:47:19   record[8]=Vehicle.v_sportbike1_yaiba_kusanagi_inline13 | maxSpeed 90 -> requested 90 -> live 90
2026-09-21 15:47:46 VEHICLE Vehicle.v_sportbike1_yaiba_kusanagi_player_03 | engine=Vehicle.v_sportbike1_yaiba_kusanagi_inline5 | records=8
2026-09-21 15:47:46   record[1]=Vehicle.v_sportbike1_yaiba_kusanagi_inline6 | maxSpeed 3 -> requested 3 -> live 3
2026-09-21 15:47:46   record[2]=Vehicle.v_sportbike1_yaiba_kusanagi_inline7 | maxSpeed 12 -> requested 12 -> live 12
2026-09-21 15:47:46   record[3]=Vehicle.v_sportbike1_yaiba_kusanagi_inline8 | maxSpeed 21 -> requested 21 -> live 21
2026-09-21 15:47:46   record[4]=Vehicle.v_sportbike1_yaiba_kusanagi_inline9 | maxSpeed 33 -> requested 33 -> live 33
2026-09-21 15:47:46   record[5]=Vehicle.v_sportbike1_yaiba_kusanagi_inline10 | maxSpeed 46 -> requested 46 -> live 46
2026-09-21 15:47:46   record[6]=Vehicle.v_sportbike1_yaiba_kusanagi_inline11 | maxSpeed 60 -> requested 60 -> live 60
2026-09-21 15:47:46   record[7]=Vehicle.v_sportbike1_yaiba_kusanagi_inline12 | maxSpeed 76 -> requested 76 -> live 76
2026-09-21 15:47:46   record[8]=Vehicle.v_sportbike1_yaiba_kusanagi_inline13 | maxSpeed 90 -> requested 90 -> live 90
2026-09-21 15:47:47 VEHICLE Vehicle.v_sportbike1_yaiba_kusanagi_player_03 | engine=Vehicle.v_sportbike1_yaiba_kusanagi_inline5 | records=8
2026-09-21 15:47:47   record[1]=Vehicle.v_sportbike1_yaiba_kusanagi_inline6 | maxSpeed 3 -> requested 3 -> live 3
2026-09-21 15:47:47   record[2]=Vehicle.v_sportbike1_yaiba_kusanagi_inline7 | maxSpeed 12 -> requested 12 -> live 12
2026-09-21 15:47:47   record[3]=Vehicle.v_sportbike1_yaiba_kusanagi_inline8 | maxSpeed 21 -> requested 21 -> live 21
2026-09-21 15:47:47   record[4]=Vehicle.v_sportbike1_yaiba_kusanagi_inline9 | maxSpeed 33 -> requested 33 -> live 33
2026-09-21 15:47:47   record[5]=Vehicle.v_sportbike1_yaiba_kusanagi_inline10 | maxSpeed 46 -> requested 46 -> live 46
2026-09-21 15:47:47   record[6]=Vehicle.v_sportbike1_yaiba_kusanagi_inline11 | maxSpeed 60 -> requested 60 -> live 60
2026-09-21 15:47:47   record[7]=Vehicle.v_sportbike1_yaiba_kusanagi_inline12 | maxSpeed 76 -> requested 76 -> live 76
2026-09-21 15:47:47   record[8]=Vehicle.v_sportbike1_yaiba_kusanagi_inline13 | maxSpeed 90 -> requested 90 -> live 90
2026-09-21 15:47:49 VEHICLE Vehicle.v_sportbike1_yaiba_kusanagi_player_03 | engine=Vehicle.v_sportbike1_yaiba_kusanagi_inline5 | records=8
2026-09-21 15:47:49   record[1]=Vehicle.v_sportbike1_yaiba_kusanagi_inline6 | maxSpeed 3 -> requested 3 -> live 3
2026-09-21 15:47:49   record[2]=Vehicle.v_sportbike1_yaiba_kusanagi_inline7 | maxSpeed 12 -> requested 12 -> live 12
2026-09-21 15:47:49   record[3]=Vehicle.v_sportbike1_yaiba_kusanagi_inline8 | maxSpeed 21 -> requested 21 -> live 21
2026-09-21 15:47:49   record[4]=Vehicle.v_sportbike1_yaiba_kusanagi_inline9 | maxSpeed 33 -> requested 33 -> live 33
2026-09-21 15:47:49   record[5]=Vehicle.v_sportbike1_yaiba_kusanagi_inline10 | maxSpeed 46 -> requested 46 -> live 46
2026-09-21 15:47:49   record[6]=Vehicle.v_sportbike1_yaiba_kusanagi_inline11 | maxSpeed 60 -> requested 60 -> live 60
2026-09-21 15:47:49   record[7]=Vehicle.v_sportbike1_yaiba_kusanagi_inline12 | maxSpeed 76 -> requested 76 -> live 76
2026-09-21 15:47:49   record[8]=Vehicle.v_sportbike1_yaiba_kusanagi_inline13 | maxSpeed 90 -> requested 90 -> live 90
2026-09-21 15:48:59 VEHICLE Vehicle.v_sportbike1_yaiba_kusanagi_player_03 | engine=Vehicle.v_sportbike1_yaiba_kusanagi_inline5 | records=8
2026-09-21 15:48:59   record[1]=Vehicle.v_sportbike1_yaiba_kusanagi_inline6 | maxSpeed 3 -> requested 3 -> live 3
2026-09-21 15:48:59   record[2]=Vehicle.v_sportbike1_yaiba_kusanagi_inline7 | maxSpeed 12 -> requested 12 -> live 12
2026-09-21 15:48:59   record[3]=Vehicle.v_sportbike1_yaiba_kusanagi_inline8 | maxSpeed 21 -> requested 21 -> live 21
2026-09-21 15:48:59   record[4]=Vehicle.v_sportbike1_yaiba_kusanagi_inline9 | maxSpeed 33 -> requested 33 -> live 33
2026-09-21 15:48:59   record[5]=Vehicle.v_sportbike1_yaiba_kusanagi_inline10 | maxSpeed 46 -> requested 46 -> live 46
2026-09-21 15:48:59   record[6]=Vehicle.v_sportbike1_yaiba_kusanagi_inline11 | maxSpeed 60 -> requested 60 -> live 60
2026-09-21 15:48:59   record[7]=Vehicle.v_sportbike1_yaiba_kusanagi_inline12 | maxSpeed 76 -> requested 76 -> live 76
2026-09-21 15:48:59   record[8]=Vehicle.v_sportbike1_yaiba_kusanagi_inline13 | maxSpeed 90 -> requested 90 -> live 90
2026-09-21 15:48:59 VEHICLE Vehicle.v_sportbike1_yaiba_kusanagi_player_03 | engine=Vehicle.v_sportbike1_yaiba_kusanagi_inline5 | records=8
2026-09-21 15:48:59   record[1]=Vehicle.v_sportbike1_yaiba_kusanagi_inline6 | maxSpeed 3 -> requested 3 -> live 3
2026-09-21 15:48:59   record[2]=Vehicle.v_sportbike1_yaiba_kusanagi_inline7 | maxSpeed 12 -> requested 12 -> live 12
2026-09-21 15:48:59   record[3]=Vehicle.v_sportbike1_yaiba_kusanagi_inline8 | maxSpeed 21 -> requested 21 -> live 21
2026-09-21 15:48:59   record[4]=Vehicle.v_sportbike1_yaiba_kusanagi_inline9 | maxSpeed 33 -> requested 33 -> live 33
2026-09-21 15:48:59   record[5]=Vehicle.v_sportbike1_yaiba_kusanagi_inline10 | maxSpeed 46 -> requested 46 -> live 46
2026-09-21 15:48:59   record[6]=Vehicle.v_sportbike1_yaiba_kusanagi_inline11 | maxSpeed 60 -> requested 60 -> live 60
2026-09-21 15:48:59   record[7]=Vehicle.v_sportbike1_yaiba_kusanagi_inline12 | maxSpeed 76 -> requested 76 -> live 76
2026-09-21 15:48:59   record[8]=Vehicle.v_sportbike1_yaiba_kusanagi_inline13 | maxSpeed 90 -> requested 90 -> live 90
2026-09-21 15:49:01 VEHICLE Vehicle.v_sportbike1_yaiba_kusanagi_player_03 | engine=Vehicle.v_sportbike1_yaiba_kusanagi_inline5 | records=8
2026-09-21 15:49:01   record[1]=Vehicle.v_sportbike1_yaiba_kusanagi_inline6 | maxSpeed 3 -> requested 3 -> live 3
2026-09-21 15:49:01   record[2]=Vehicle.v_sportbike1_yaiba_kusanagi_inline7 | maxSpeed 12 -> requested 12 -> live 12
2026-09-21 15:49:01   record[3]=Vehicle.v_sportbike1_yaiba_kusanagi_inline8 | maxSpeed 21 -> requested 21 -> live 21
2026-09-21 15:49:01   record[4]=Vehicle.v_sportbike1_yaiba_kusanagi_inline9 | maxSpeed 33 -> requested 33 -> live 33
2026-09-21 15:49:01   record[5]=Vehicle.v_sportbike1_yaiba_kusanagi_inline10 | maxSpeed 46 -> requested 46 -> live 46
2026-09-21 15:49:01   record[6]=Vehicle.v_sportbike1_yaiba_kusanagi_inline11 | maxSpeed 60 -> requested 60 -> live 60
2026-09-21 15:49:01   record[7]=Vehicle.v_sportbike1_yaiba_kusanagi_inline12 | maxSpeed 76 -> requested 76 -> live 76
2026-09-21 15:49:01   record[8]=Vehicle.v_sportbike1_yaiba_kusanagi_inline13 | maxSpeed 90 -> requested 90 -> live 90
2026-09-21 15:49:28 VEHICLE Vehicle.v_sportbike1_yaiba_kusanagi_player_03 | engine=Vehicle.v_sportbike1_yaiba_kusanagi_inline5 | records=8
2026-09-21 15:49:28   record[1]=Vehicle.v_sportbike1_yaiba_kusanagi_inline6 | maxSpeed 3 -> requested 3 -> live 3
2026-09-21 15:49:28   record[2]=Vehicle.v_sportbike1_yaiba_kusanagi_inline7 | maxSpeed 12 -> requested 12 -> live 12
2026-09-21 15:49:28   record[3]=Vehicle.v_sportbike1_yaiba_kusanagi_inline8 | maxSpeed 21 -> requested 21 -> live 21
2026-09-21 15:49:28   record[4]=Vehicle.v_sportbike1_yaiba_kusanagi_inline9 | maxSpeed 33 -> requested 33 -> live 33
2026-09-21 15:49:28   record[5]=Vehicle.v_sportbike1_yaiba_kusanagi_inline10 | maxSpeed 46 -> requested 46 -> live 46
2026-09-21 15:49:28   record[6]=Vehicle.v_sportbike1_yaiba_kusanagi_inline11 | maxSpeed 60 -> requested 60 -> live 60
2026-09-21 15:49:28   record[7]=Vehicle.v_sportbike1_yaiba_kusanagi_inline12 | maxSpeed 76 -> requested 76 -> live 76
2026-09-21 15:49:28   record[8]=Vehicle.v_sportbike1_yaiba_kusanagi_inline13 | maxSpeed 90 -> requested 90 -> live 90
2026-09-21 15:50:15 VEHICLE Vehicle.v_sportbike1_yaiba_kusanagi_player_03 | engine=Vehicle.v_sportbike1_yaiba_kusanagi_inline5 | records=8
2026-09-21 15:50:15   record[1]=Vehicle.v_sportbike1_yaiba_kusanagi_inline6 | maxSpeed 3 -> requested 3 -> live 3
2026-09-21 15:50:15   record[2]=Vehicle.v_sportbike1_yaiba_kusanagi_inline7 | maxSpeed 12 -> requested 12 -> live 12
2026-09-21 15:50:15   record[3]=Vehicle.v_sportbike1_yaiba_kusanagi_inline8 | maxSpeed 21 -> requested 21 -> live 21
2026-09-21 15:50:15   record[4]=Vehicle.v_sportbike1_yaiba_kusanagi_inline9 | maxSpeed 33 -> requested 33 -> live 33
2026-09-21 15:50:15   record[5]=Vehicle.v_sportbike1_yaiba_kusanagi_inline10 | maxSpeed 46 -> requested 46 -> live 46
2026-09-21 15:50:15   record[6]=Vehicle.v_sportbike1_yaiba_kusanagi_inline11 | maxSpeed 60 -> requested 60 -> live 60
2026-09-21 15:50:15   record[7]=Vehicle.v_sportbike1_yaiba_kusanagi_inline12 | maxSpeed 76 -> requested 76 -> live 76
2026-09-21 15:50:15   record[8]=Vehicle.v_sportbike1_yaiba_kusanagi_inline13 | maxSpeed 90 -> requested 90 -> live 90
2026-09-21 15:50:40 VEHICLE Vehicle.v_sportbike1_yaiba_kusanagi_player_03 | engine=Vehicle.v_sportbike1_yaiba_kusanagi_inline5 | records=8
2026-09-21 15:50:40   record[1]=Vehicle.v_sportbike1_yaiba_kusanagi_inline6 | maxSpeed 3 -> requested 3 -> live 3
2026-09-21 15:50:40   record[2]=Vehicle.v_sportbike1_yaiba_kusanagi_inline7 | maxSpeed 12 -> requested 12 -> live 12
2026-09-21 15:50:40   record[3]=Vehicle.v_sportbike1_yaiba_kusanagi_inline8 | maxSpeed 21 -> requested 21 -> live 21
2026-09-21 15:50:40   record[4]=Vehicle.v_sportbike1_yaiba_kusanagi_inline9 | maxSpeed 33 -> requested 33 -> live 33
2026-09-21 15:50:40   record[5]=Vehicle.v_sportbike1_yaiba_kusanagi_inline10 | maxSpeed 46 -> requested 46 -> live 46
2026-09-21 15:50:40   record[6]=Vehicle.v_sportbike1_yaiba_kusanagi_inline11 | maxSpeed 60 -> requested 60 -> live 60
2026-09-21 15:50:40   record[7]=Vehicle.v_sportbike1_yaiba_kusanagi_inline12 | maxSpeed 76 -> requested 76 -> live 76
2026-09-21 15:50:40   record[8]=Vehicle.v_sportbike1_yaiba_kusanagi_inline13 | maxSpeed 90 -> requested 90 -> live 90
2026-09-21 15:50:44 VEHICLE Vehicle.v_sportbike1_yaiba_kusanagi_player_03 | engine=Vehicle.v_sportbike1_yaiba_kusanagi_inline5 | records=8
2026-09-21 15:50:44   record[1]=Vehicle.v_sportbike1_yaiba_kusanagi_inline6 | maxSpeed 3 -> requested 3 -> live 3
2026-09-21 15:50:44   record[2]=Vehicle.v_sportbike1_yaiba_kusanagi_inline7 | maxSpeed 12 -> requested 12 -> live 12
2026-09-21 15:50:44   record[3]=Vehicle.v_sportbike1_yaiba_kusanagi_inline8 | maxSpeed 21 -> requested 21 -> live 21
2026-09-21 15:50:44   record[4]=Vehicle.v_sportbike1_yaiba_kusanagi_inline9 | maxSpeed 33 -> requested 33 -> live 33
2026-09-21 15:50:44   record[5]=Vehicle.v_sportbike1_yaiba_kusanagi_inline10 | maxSpeed 46 -> requested 46 -> live 46
2026-09-21 15:50:44   record[6]=Vehicle.v_sportbike1_yaiba_kusanagi_inline11 | maxSpeed 60 -> requested 60 -> live 60
2026-09-21 15:50:44   record[7]=Vehicle.v_sportbike1_yaiba_kusanagi_inline12 | maxSpeed 76 -> requested 76 -> live 76
2026-09-21 15:50:44   record[8]=Vehicle.v_sportbike1_yaiba_kusanagi_inline13 | maxSpeed 90 -> requested 90 -> live 90
2026-09-21 15:50:45 VEHICLE Vehicle.v_sportbike1_yaiba_kusanagi_player_03 | engine=Vehicle.v_sportbike1_yaiba_kusanagi_inline5 | records=8
2026-09-21 15:50:45   record[1]=Vehicle.v_sportbike1_yaiba_kusanagi_inline6 | maxSpeed 3 -> requested 3 -> live 3
2026-09-21 15:50:45   record[2]=Vehicle.v_sportbike1_yaiba_kusanagi_inline7 | maxSpeed 12 -> requested 12 -> live 12
2026-09-21 15:50:45   record[3]=Vehicle.v_sportbike1_yaiba_kusanagi_inline8 | maxSpeed 21 -> requested 21 -> live 21
2026-09-21 15:50:45   record[4]=Vehicle.v_sportbike1_yaiba_kusanagi_inline9 | maxSpeed 33 -> requested 33 -> live 33
2026-09-21 15:50:45   record[5]=Vehicle.v_sportbike1_yaiba_kusanagi_inline10 | maxSpeed 46 -> requested 46 -> live 46
2026-09-21 15:50:45   record[6]=Vehicle.v_sportbike1_yaiba_kusanagi_inline11 | maxSpeed 60 -> requested 60 -> live 60
2026-09-21 15:50:45   record[7]=Vehicle.v_sportbike1_yaiba_kusanagi_inline12 | maxSpeed 76 -> requested 76 -> live 76
2026-09-21 15:50:45   record[8]=Vehicle.v_sportbike1_yaiba_kusanagi_inline13 | maxSpeed 90 -> requested 90 -> live 90
2026-09-21 15:51:25 VEHICLE Vehicle.v_sportbike1_yaiba_kusanagi_player_03 | engine=Vehicle.v_sportbike1_yaiba_kusanagi_inline5 | records=8
2026-09-21 15:51:25   record[1]=Vehicle.v_sportbike1_yaiba_kusanagi_inline6 | maxSpeed 3 -> requested 3 -> live 3
2026-09-21 15:51:25   record[2]=Vehicle.v_sportbike1_yaiba_kusanagi_inline7 | maxSpeed 12 -> requested 12 -> live 12
2026-09-21 15:51:25   record[3]=Vehicle.v_sportbike1_yaiba_kusanagi_inline8 | maxSpeed 21 -> requested 21 -> live 21
2026-09-21 15:51:25   record[4]=Vehicle.v_sportbike1_yaiba_kusanagi_inline9 | maxSpeed 33 -> requested 33 -> live 33
2026-09-21 15:51:25   record[5]=Vehicle.v_sportbike1_yaiba_kusanagi_inline10 | maxSpeed 46 -> requested 46 -> live 46
2026-09-21 15:51:25   record[6]=Vehicle.v_sportbike1_yaiba_kusanagi_inline11 | maxSpeed 60 -> requested 60 -> live 60
2026-09-21 15:51:25   record[7]=Vehicle.v_sportbike1_yaiba_kusanagi_inline12 | maxSpeed 76 -> requested 76 -> live 76
2026-09-21 15:51:25   record[8]=Vehicle.v_sportbike1_yaiba_kusanagi_inline13 | maxSpeed 90 -> requested 90 -> live 90
2026-09-21 15:51:26 VEHICLE Vehicle.v_sportbike1_yaiba_kusanagi_player_03 | engine=Vehicle.v_sportbike1_yaiba_kusanagi_inline5 | records=8
2026-09-21 15:51:26   record[1]=Vehicle.v_sportbike1_yaiba_kusanagi_inline6 | maxSpeed 3 -> requested 3 -> live 3
2026-09-21 15:51:26   record[2]=Vehicle.v_sportbike1_yaiba_kusanagi_inline7 | maxSpeed 12 -> requested 12 -> live 12
2026-09-21 15:51:26   record[3]=Vehicle.v_sportbike1_yaiba_kusanagi_inline8 | maxSpeed 21 -> requested 21 -> live 21
2026-09-21 15:51:26   record[4]=Vehicle.v_sportbike1_yaiba_kusanagi_inline9 | maxSpeed 33 -> requested 33 -> live 33
2026-09-21 15:51:26   record[5]=Vehicle.v_sportbike1_yaiba_kusanagi_inline10 | maxSpeed 46 -> requested 46 -> live 46
2026-09-21 15:51:26   record[6]=Vehicle.v_sportbike1_yaiba_kusanagi_inline11 | maxSpeed 60 -> requested 60 -> live 60
2026-09-21 15:51:26   record[7]=Vehicle.v_sportbike1_yaiba_kusanagi_inline12 | maxSpeed 76 -> requested 76 -> live 76
2026-09-21 15:51:26   record[8]=Vehicle.v_sportbike1_yaiba_kusanagi_inline13 | maxSpeed 90 -> requested 90 -> live 90
2026-09-21 15:51:27 VEHICLE Vehicle.v_sportbike1_yaiba_kusanagi_player_03 | engine=Vehicle.v_sportbike1_yaiba_kusanagi_inline5 | records=8
2026-09-21 15:51:27   record[1]=Vehicle.v_sportbike1_yaiba_kusanagi_inline6 | maxSpeed 3 -> requested 3 -> live 3
2026-09-21 15:51:27   record[2]=Vehicle.v_sportbike1_yaiba_kusanagi_inline7 | maxSpeed 12 -> requested 12 -> live 12
2026-09-21 15:51:27   record[3]=Vehicle.v_sportbike1_yaiba_kusanagi_inline8 | maxSpeed 21 -> requested 21 -> live 21
2026-09-21 15:51:27   record[4]=Vehicle.v_sportbike1_yaiba_kusanagi_inline9 | maxSpeed 33 -> requested 33 -> live 33
2026-09-21 15:51:27   record[5]=Vehicle.v_sportbike1_yaiba_kusanagi_inline10 | maxSpeed 46 -> requested 46 -> live 46
2026-09-21 15:51:27   record[6]=Vehicle.v_sportbike1_yaiba_kusanagi_inline11 | maxSpeed 60 -> requested 60 -> live 60
2026-09-21 15:51:27   record[7]=Vehicle.v_sportbike1_yaiba_kusanagi_inline12 | maxSpeed 76 -> requested 76 -> live 76
2026-09-21 15:51:27   record[8]=Vehicle.v_sportbike1_yaiba_kusanagi_inline13 | maxSpeed 90 -> requested 90 -> live 90
2026-09-21 15:51:27 VEHICLE Vehicle.v_sportbike1_yaiba_kusanagi_player_03 | engine=Vehicle.v_sportbike1_yaiba_kusanagi_inline5 | records=8
2026-09-21 15:51:27   record[1]=Vehicle.v_sportbike1_yaiba_kusanagi_inline6 | maxSpeed 3 -> requested 3 -> live 3
2026-09-21 15:51:27   record[2]=Vehicle.v_sportbike1_yaiba_kusanagi_inline7 | maxSpeed 12 -> requested 12 -> live 12
2026-09-21 15:51:27   record[3]=Vehicle.v_sportbike1_yaiba_kusanagi_inline8 | maxSpeed 21 -> requested 21 -> live 21
2026-09-21 15:51:27   record[4]=Vehicle.v_sportbike1_yaiba_kusanagi_inline9 | maxSpeed 33 -> requested 33 -> live 33
2026-09-21 15:51:27   record[5]=Vehicle.v_sportbike1_yaiba_kusanagi_inline10 | maxSpeed 46 -> requested 46 -> live 46
2026-09-21 15:51:27   record[6]=Vehicle.v_sportbike1_yaiba_kusanagi_inline11 | maxSpeed 60 -> requested 60 -> live 60
2026-09-21 15:51:27   record[7]=Vehicle.v_sportbike1_yaiba_kusanagi_inline12 | maxSpeed 76 -> requested 76 -> live 76
2026-09-21 15:51:27   record[8]=Vehicle.v_sportbike1_yaiba_kusanagi_inline13 | maxSpeed 90 -> requested 90 -> live 90
2026-09-21 15:51:28 VEHICLE Vehicle.v_sportbike1_yaiba_kusanagi_player_03 | engine=Vehicle.v_sportbike1_yaiba_kusanagi_inline5 | records=8
2026-09-21 15:51:28   record[1]=Vehicle.v_sportbike1_yaiba_kusanagi_inline6 | maxSpeed 3 -> requested 3 -> live 3
2026-09-21 15:51:28   record[2]=Vehicle.v_sportbike1_yaiba_kusanagi_inline7 | maxSpeed 12 -> requested 12 -> live 12
2026-09-21 15:51:28   record[3]=Vehicle.v_sportbike1_yaiba_kusanagi_inline8 | maxSpeed 21 -> requested 21 -> live 21
2026-09-21 15:51:28   record[4]=Vehicle.v_sportbike1_yaiba_kusanagi_inline9 | maxSpeed 33 -> requested 33 -> live 33
2026-09-21 15:51:28   record[5]=Vehicle.v_sportbike1_yaiba_kusanagi_inline10 | maxSpeed 46 -> requested 46 -> live 46
2026-09-21 15:51:28   record[6]=Vehicle.v_sportbike1_yaiba_kusanagi_inline11 | maxSpeed 60 -> requested 60 -> live 60
2026-09-21 15:51:28   record[7]=Vehicle.v_sportbike1_yaiba_kusanagi_inline12 | maxSpeed 76 -> requested 76 -> live 76
2026-09-21 15:51:28   record[8]=Vehicle.v_sportbike1_yaiba_kusanagi_inline13 | maxSpeed 90 -> requested 90 -> live 90
2026-09-21 15:51:29 VEHICLE Vehicle.v_sportbike1_yaiba_kusanagi_player_03 | engine=Vehicle.v_sportbike1_yaiba_kusanagi_inline5 | records=8
2026-09-21 15:51:29   record[1]=Vehicle.v_sportbike1_yaiba_kusanagi_inline6 | maxSpeed 3 -> requested 3 -> live 3
2026-09-21 15:51:29   record[2]=Vehicle.v_sportbike1_yaiba_kusanagi_inline7 | maxSpeed 12 -> requested 12 -> live 12
2026-09-21 15:51:29   record[3]=Vehicle.v_sportbike1_yaiba_kusanagi_inline8 | maxSpeed 21 -> requested 21 -> live 21
2026-09-21 15:51:29   record[4]=Vehicle.v_sportbike1_yaiba_kusanagi_inline9 | maxSpeed 33 -> requested 33 -> live 33
2026-09-21 15:51:29   record[5]=Vehicle.v_sportbike1_yaiba_kusanagi_inline10 | maxSpeed 46 -> requested 46 -> live 46
2026-09-21 15:51:29   record[6]=Vehicle.v_sportbike1_yaiba_kusanagi_inline11 | maxSpeed 60 -> requested 60 -> live 60
2026-09-21 15:51:29   record[7]=Vehicle.v_sportbike1_yaiba_kusanagi_inline12 | maxSpeed 76 -> requested 76 -> live 76
2026-09-21 15:51:29   record[8]=Vehicle.v_sportbike1_yaiba_kusanagi_inline13 | maxSpeed 90 -> requested 90 -> live 90
2026-09-21 15:51:31 VEHICLE Vehicle.v_sportbike1_yaiba_kusanagi_player_03 | engine=Vehicle.v_sportbike1_yaiba_kusanagi_inline5 | records=8
2026-09-21 15:51:31   record[1]=Vehicle.v_sportbike1_yaiba_kusanagi_inline6 | maxSpeed 3 -> requested 3 -> live 3
2026-09-21 15:51:31   record[2]=Vehicle.v_sportbike1_yaiba_kusanagi_inline7 | maxSpeed 12 -> requested 12 -> live 12
2026-09-21 15:51:31   record[3]=Vehicle.v_sportbike1_yaiba_kusanagi_inline8 | maxSpeed 21 -> requested 21 -> live 21
2026-09-21 15:51:31   record[4]=Vehicle.v_sportbike1_yaiba_kusanagi_inline9 | maxSpeed 33 -> requested 33 -> live 33
2026-09-21 15:51:31   record[5]=Vehicle.v_sportbike1_yaiba_kusanagi_inline10 | maxSpeed 46 -> requested 46 -> live 46
2026-09-21 15:51:31   record[6]=Vehicle.v_sportbike1_yaiba_kusanagi_inline11 | maxSpeed 60 -> requested 60 -> live 60
2026-09-21 15:51:31   record[7]=Vehicle.v_sportbike1_yaiba_kusanagi_inline12 | maxSpeed 76 -> requested 76 -> live 76
2026-09-21 15:51:31   record[8]=Vehicle.v_sportbike1_yaiba_kusanagi_inline13 | maxSpeed 90 -> requested 90 -> live 90
2026-09-21 15:51:31 VEHICLE Vehicle.v_sportbike1_yaiba_kusanagi_player_03 | engine=Vehicle.v_sportbike1_yaiba_kusanagi_inline5 | records=8
2026-09-21 15:51:31   record[1]=Vehicle.v_sportbike1_yaiba_kusanagi_inline6 | maxSpeed 3 -> requested 3 -> live 3
2026-09-21 15:51:31   record[2]=Vehicle.v_sportbike1_yaiba_kusanagi_inline7 | maxSpeed 12 -> requested 12 -> live 12
2026-09-21 15:51:31   record[3]=Vehicle.v_sportbike1_yaiba_kusanagi_inline8 | maxSpeed 21 -> requested 21 -> live 21
2026-09-21 15:51:31   record[4]=Vehicle.v_sportbike1_yaiba_kusanagi_inline9 | maxSpeed 33 -> requested 33 -> live 33
2026-09-21 15:51:31   record[5]=Vehicle.v_sportbike1_yaiba_kusanagi_inline10 | maxSpeed 46 -> requested 46 -> live 46
2026-09-21 15:51:31   record[6]=Vehicle.v_sportbike1_yaiba_kusanagi_inline11 | maxSpeed 60 -> requested 60 -> live 60
2026-09-21 15:51:31   record[7]=Vehicle.v_sportbike1_yaiba_kusanagi_inline12 | maxSpeed 76 -> requested 76 -> live 76
2026-09-21 15:51:31   record[8]=Vehicle.v_sportbike1_yaiba_kusanagi_inline13 | maxSpeed 90 -> requested 90 -> live 90
2026-09-21 15:51:33 VEHICLE Vehicle.v_sportbike1_yaiba_kusanagi_player_03 | engine=Vehicle.v_sportbike1_yaiba_kusanagi_inline5 | records=8
2026-09-21 15:51:33   record[1]=Vehicle.v_sportbike1_yaiba_kusanagi_inline6 | maxSpeed 3 -> requested 3 -> live 3
2026-09-21 15:51:33   record[2]=Vehicle.v_sportbike1_yaiba_kusanagi_inline7 | maxSpeed 12 -> requested 12 -> live 12
2026-09-21 15:51:33   record[3]=Vehicle.v_sportbike1_yaiba_kusanagi_inline8 | maxSpeed 21 -> requested 21 -> live 21
2026-09-21 15:51:33   record[4]=Vehicle.v_sportbike1_yaiba_kusanagi_inline9 | maxSpeed 33 -> requested 33 -> live 33
2026-09-21 15:51:33   record[5]=Vehicle.v_sportbike1_yaiba_kusanagi_inline10 | maxSpeed 46 -> requested 46 -> live 46
2026-09-21 15:51:33   record[6]=Vehicle.v_sportbike1_yaiba_kusanagi_inline11 | maxSpeed 60 -> requested 60 -> live 60
2026-09-21 15:51:33   record[7]=Vehicle.v_sportbike1_yaiba_kusanagi_inline12 | maxSpeed 76 -> requested 76 -> live 76
2026-09-21 15:51:33   record[8]=Vehicle.v_sportbike1_yaiba_kusanagi_inline13 | maxSpeed 90 -> requested 90 -> live 90
2026-09-21 15:52:14 VEHICLE Vehicle.v_sportbike1_yaiba_kusanagi_player_03 | engine=Vehicle.v_sportbike1_yaiba_kusanagi_inline5 | records=8
2026-09-21 15:52:14   record[1]=Vehicle.v_sportbike1_yaiba_kusanagi_inline6 | maxSpeed 3 -> requested 3 -> live 3
2026-09-21 15:52:14   record[2]=Vehicle.v_sportbike1_yaiba_kusanagi_inline7 | maxSpeed 12 -> requested 12 -> live 12
2026-09-21 15:52:14   record[3]=Vehicle.v_sportbike1_yaiba_kusanagi_inline8 | maxSpeed 21 -> requested 21 -> live 21
2026-09-21 15:52:14   record[4]=Vehicle.v_sportbike1_yaiba_kusanagi_inline9 | maxSpeed 33 -> requested 33 -> live 33
2026-09-21 15:52:14   record[5]=Vehicle.v_sportbike1_yaiba_kusanagi_inline10 | maxSpeed 46 -> requested 46 -> live 46
2026-09-21 15:52:14   record[6]=Vehicle.v_sportbike1_yaiba_kusanagi_inline11 | maxSpeed 60 -> requested 60 -> live 60
2026-09-21 15:52:14   record[7]=Vehicle.v_sportbike1_yaiba_kusanagi_inline12 | maxSpeed 76 -> requested 76 -> live 76
2026-09-21 15:52:14   record[8]=Vehicle.v_sportbike1_yaiba_kusanagi_inline13 | maxSpeed 90 -> requested 90 -> live 90
2026-09-21 15:52:15 VEHICLE Vehicle.v_sportbike1_yaiba_kusanagi_player_03 | engine=Vehicle.v_sportbike1_yaiba_kusanagi_inline5 | records=8
2026-09-21 15:52:15   record[1]=Vehicle.v_sportbike1_yaiba_kusanagi_inline6 | maxSpeed 3 -> requested 3 -> live 3
2026-09-21 15:52:15   record[2]=Vehicle.v_sportbike1_yaiba_kusanagi_inline7 | maxSpeed 12 -> requested 12 -> live 12
2026-09-21 15:52:15   record[3]=Vehicle.v_sportbike1_yaiba_kusanagi_inline8 | maxSpeed 21 -> requested 21 -> live 21
2026-09-21 15:52:15   record[4]=Vehicle.v_sportbike1_yaiba_kusanagi_inline9 | maxSpeed 33 -> requested 33 -> live 33
2026-09-21 15:52:15   record[5]=Vehicle.v_sportbike1_yaiba_kusanagi_inline10 | maxSpeed 46 -> requested 46 -> live 46
2026-09-21 15:52:15   record[6]=Vehicle.v_sportbike1_yaiba_kusanagi_inline11 | maxSpeed 60 -> requested 60 -> live 60
2026-09-21 15:52:15   record[7]=Vehicle.v_sportbike1_yaiba_kusanagi_inline12 | maxSpeed 76 -> requested 76 -> live 76
2026-09-21 15:52:15   record[8]=Vehicle.v_sportbike1_yaiba_kusanagi_inline13 | maxSpeed 90 -> requested 90 -> live 90
2026-09-21 15:52:19 VEHICLE Vehicle.v_sportbike1_yaiba_kusanagi_player_03 | engine=Vehicle.v_sportbike1_yaiba_kusanagi_inline5 | records=8
2026-09-21 15:52:19   record[1]=Vehicle.v_sportbike1_yaiba_kusanagi_inline6 | maxSpeed 3 -> requested 3 -> live 3
2026-09-21 15:52:19   record[2]=Vehicle.v_sportbike1_yaiba_kusanagi_inline7 | maxSpeed 12 -> requested 12 -> live 12
2026-09-21 15:52:19   record[3]=Vehicle.v_sportbike1_yaiba_kusanagi_inline8 | maxSpeed 21 -> requested 21 -> live 21
2026-09-21 15:52:19   record[4]=Vehicle.v_sportbike1_yaiba_kusanagi_inline9 | maxSpeed 33 -> requested 33 -> live 33
2026-09-21 15:52:19   record[5]=Vehicle.v_sportbike1_yaiba_kusanagi_inline10 | maxSpeed 46 -> requested 46 -> live 46
2026-09-21 15:52:19   record[6]=Vehicle.v_sportbike1_yaiba_kusanagi_inline11 | maxSpeed 60 -> requested 60 -> live 60
2026-09-21 15:52:19   record[7]=Vehicle.v_sportbike1_yaiba_kusanagi_inline12 | maxSpeed 76 -> requested 76 -> live 76
2026-09-21 15:52:19   record[8]=Vehicle.v_sportbike1_yaiba_kusanagi_inline13 | maxSpeed 90 -> requested 90 -> live 90
2026-09-21 15:52:19 VEHICLE Vehicle.v_sportbike1_yaiba_kusanagi_player_03 | engine=Vehicle.v_sportbike1_yaiba_kusanagi_inline5 | records=8
2026-09-21 15:52:19   record[1]=Vehicle.v_sportbike1_yaiba_kusanagi_inline6 | maxSpeed 3 -> requested 3 -> live 3
2026-09-21 15:52:19   record[2]=Vehicle.v_sportbike1_yaiba_kusanagi_inline7 | maxSpeed 12 -> requested 12 -> live 12
2026-09-21 15:52:19   record[3]=Vehicle.v_sportbike1_yaiba_kusanagi_inline8 | maxSpeed 21 -> requested 21 -> live 21
2026-09-21 15:52:19   record[4]=Vehicle.v_sportbike1_yaiba_kusanagi_inline9 | maxSpeed 33 -> requested 33 -> live 33
2026-09-21 15:52:19   record[5]=Vehicle.v_sportbike1_yaiba_kusanagi_inline10 | maxSpeed 46 -> requested 46 -> live 46
2026-09-21 15:52:19   record[6]=Vehicle.v_sportbike1_yaiba_kusanagi_inline11 | maxSpeed 60 -> requested 60 -> live 60
2026-09-21 15:52:19   record[7]=Vehicle.v_sportbike1_yaiba_kusanagi_inline12 | maxSpeed 76 -> requested 76 -> live 76
2026-09-21 15:52:19   record[8]=Vehicle.v_sportbike1_yaiba_kusanagi_inline13 | maxSpeed 90 -> requested 90 -> live 90
2026-09-21 15:52:23 VEHICLE Vehicle.v_sportbike1_yaiba_kusanagi_player_03 | engine=Vehicle.v_sportbike1_yaiba_kusanagi_inline5 | records=8
2026-09-21 15:52:23   record[1]=Vehicle.v_sportbike1_yaiba_kusanagi_inline6 | maxSpeed 3 -> requested 3 -> live 3
2026-09-21 15:52:23   record[2]=Vehicle.v_sportbike1_yaiba_kusanagi_inline7 | maxSpeed 12 -> requested 12 -> live 12
2026-09-21 15:52:23   record[3]=Vehicle.v_sportbike1_yaiba_kusanagi_inline8 | maxSpeed 21 -> requested 21 -> live 21
2026-09-21 15:52:23   record[4]=Vehicle.v_sportbike1_yaiba_kusanagi_inline9 | maxSpeed 33 -> requested 33 -> live 33
2026-09-21 15:52:23   record[5]=Vehicle.v_sportbike1_yaiba_kusanagi_inline10 | maxSpeed 46 -> requested 46 -> live 46
2026-09-21 15:52:23   record[6]=Vehicle.v_sportbike1_yaiba_kusanagi_inline11 | maxSpeed 60 -> requested 60 -> live 60
2026-09-21 15:52:23   record[7]=Vehicle.v_sportbike1_yaiba_kusanagi_inline12 | maxSpeed 76 -> requested 76 -> live 76
2026-09-21 15:52:23   record[8]=Vehicle.v_sportbike1_yaiba_kusanagi_inline13 | maxSpeed 90 -> requested 90 -> live 90
2026-09-21 15:52:27 VEHICLE Vehicle.v_sportbike1_yaiba_kusanagi_player_03 | engine=Vehicle.v_sportbike1_yaiba_kusanagi_inline5 | records=8
2026-09-21 15:52:27   record[1]=Vehicle.v_sportbike1_yaiba_kusanagi_inline6 | maxSpeed 3 -> requested 3 -> live 3
2026-09-21 15:52:27   record[2]=Vehicle.v_sportbike1_yaiba_kusanagi_inline7 | maxSpeed 12 -> requested 12 -> live 12
2026-09-21 15:52:27   record[3]=Vehicle.v_sportbike1_yaiba_kusanagi_inline8 | maxSpeed 21 -> requested 21 -> live 21
2026-09-21 15:52:27   record[4]=Vehicle.v_sportbike1_yaiba_kusanagi_inline9 | maxSpeed 33 -> requested 33 -> live 33
2026-09-21 15:52:27   record[5]=Vehicle.v_sportbike1_yaiba_kusanagi_inline10 | maxSpeed 46 -> requested 46 -> live 46
2026-09-21 15:52:27   record[6]=Vehicle.v_sportbike1_yaiba_kusanagi_inline11 | maxSpeed 60 -> requested 60 -> live 60
2026-09-21 15:52:27   record[7]=Vehicle.v_sportbike1_yaiba_kusanagi_inline12 | maxSpeed 76 -> requested 76 -> live 76
2026-09-21 15:52:27   record[8]=Vehicle.v_sportbike1_yaiba_kusanagi_inline13 | maxSpeed 90 -> requested 90 -> live 90
2026-09-21 15:53:09 VEHICLE Vehicle.v_sportbike1_yaiba_kusanagi_player_03 | engine=Vehicle.v_sportbike1_yaiba_kusanagi_inline5 | records=8
2026-09-21 15:53:09   record[1]=Vehicle.v_sportbike1_yaiba_kusanagi_inline6 | maxSpeed 3 -> requested 3 -> live 3
2026-09-21 15:53:09   record[2]=Vehicle.v_sportbike1_yaiba_kusanagi_inline7 | maxSpeed 12 -> requested 12 -> live 12
2026-09-21 15:53:09   record[3]=Vehicle.v_sportbike1_yaiba_kusanagi_inline8 | maxSpeed 21 -> requested 21 -> live 21
2026-09-21 15:53:09   record[4]=Vehicle.v_sportbike1_yaiba_kusanagi_inline9 | maxSpeed 33 -> requested 33 -> live 33
2026-09-21 15:53:09   record[5]=Vehicle.v_sportbike1_yaiba_kusanagi_inline10 | maxSpeed 46 -> requested 46 -> live 46
2026-09-21 15:53:09   record[6]=Vehicle.v_sportbike1_yaiba_kusanagi_inline11 | maxSpeed 60 -> requested 60 -> live 60
2026-09-21 15:53:09   record[7]=Vehicle.v_sportbike1_yaiba_kusanagi_inline12 | maxSpeed 76 -> requested 76 -> live 76
2026-09-21 15:53:09   record[8]=Vehicle.v_sportbike1_yaiba_kusanagi_inline13 | maxSpeed 90 -> requested 90 -> live 90
2026-09-21 15:53:13 VEHICLE Vehicle.v_sportbike1_yaiba_kusanagi_player_03 | engine=Vehicle.v_sportbike1_yaiba_kusanagi_inline5 | records=8
2026-09-21 15:53:13   record[1]=Vehicle.v_sportbike1_yaiba_kusanagi_inline6 | maxSpeed 3 -> requested 3 -> live 3
2026-09-21 15:53:13   record[2]=Vehicle.v_sportbike1_yaiba_kusanagi_inline7 | maxSpeed 12 -> requested 12 -> live 12
2026-09-21 15:53:13   record[3]=Vehicle.v_sportbike1_yaiba_kusanagi_inline8 | maxSpeed 21 -> requested 21 -> live 21
2026-09-21 15:53:13   record[4]=Vehicle.v_sportbike1_yaiba_kusanagi_inline9 | maxSpeed 33 -> requested 33 -> live 33
2026-09-21 15:53:13   record[5]=Vehicle.v_sportbike1_yaiba_kusanagi_inline10 | maxSpeed 46 -> requested 46 -> live 46
2026-09-21 15:53:13   record[6]=Vehicle.v_sportbike1_yaiba_kusanagi_inline11 | maxSpeed 60 -> requested 60 -> live 60
2026-09-21 15:53:13   record[7]=Vehicle.v_sportbike1_yaiba_kusanagi_inline12 | maxSpeed 76 -> requested 76 -> live 76
2026-09-21 15:53:13   record[8]=Vehicle.v_sportbike1_yaiba_kusanagi_inline13 | maxSpeed 90 -> requested 90 -> live 90
2026-09-21 15:53:14 VEHICLE Vehicle.v_sportbike1_yaiba_kusanagi_player_03 | engine=Vehicle.v_sportbike1_yaiba_kusanagi_inline5 | records=8
2026-09-21 15:53:14   record[1]=Vehicle.v_sportbike1_yaiba_kusanagi_inline6 | maxSpeed 3 -> requested 3 -> live 3
2026-09-21 15:53:14   record[2]=Vehicle.v_sportbike1_yaiba_kusanagi_inline7 | maxSpeed 12 -> requested 12 -> live 12
2026-09-21 15:53:14   record[3]=Vehicle.v_sportbike1_yaiba_kusanagi_inline8 | maxSpeed 21 -> requested 21 -> live 21
2026-09-21 15:53:14   record[4]=Vehicle.v_sportbike1_yaiba_kusanagi_inline9 | maxSpeed 33 -> requested 33 -> live 33
2026-09-21 15:53:14   record[5]=Vehicle.v_sportbike1_yaiba_kusanagi_inline10 | maxSpeed 46 -> requested 46 -> live 46
2026-09-21 15:53:14   record[6]=Vehicle.v_sportbike1_yaiba_kusanagi_inline11 | maxSpeed 60 -> requested 60 -> live 60
2026-09-21 15:53:14   record[7]=Vehicle.v_sportbike1_yaiba_kusanagi_inline12 | maxSpeed 76 -> requested 76 -> live 76
2026-09-21 15:53:14   record[8]=Vehicle.v_sportbike1_yaiba_kusanagi_inline13 | maxSpeed 90 -> requested 90 -> live 90
2026-09-21 15:54:03 VEHICLE Vehicle.v_sportbike1_yaiba_kusanagi_player_03 | engine=Vehicle.v_sportbike1_yaiba_kusanagi_inline5 | records=8
2026-09-21 15:54:03   record[1]=Vehicle.v_sportbike1_yaiba_kusanagi_inline6 | maxSpeed 3 -> requested 3 -> live 3
2026-09-21 15:54:03   record[2]=Vehicle.v_sportbike1_yaiba_kusanagi_inline7 | maxSpeed 12 -> requested 12 -> live 12
2026-09-21 15:54:03   record[3]=Vehicle.v_sportbike1_yaiba_kusanagi_inline8 | maxSpeed 21 -> requested 21 -> live 21
2026-09-21 15:54:03   record[4]=Vehicle.v_sportbike1_yaiba_kusanagi_inline9 | maxSpeed 33 -> requested 33 -> live 33
2026-09-21 15:54:03   record[5]=Vehicle.v_sportbike1_yaiba_kusanagi_inline10 | maxSpeed 46 -> requested 46 -> live 46
2026-09-21 15:54:03   record[6]=Vehicle.v_sportbike1_yaiba_kusanagi_inline11 | maxSpeed 60 -> requested 60 -> live 60
2026-09-21 15:54:03   record[7]=Vehicle.v_sportbike1_yaiba_kusanagi_inline12 | maxSpeed 76 -> requested 76 -> live 76
2026-09-21 15:54:03   record[8]=Vehicle.v_sportbike1_yaiba_kusanagi_inline13 | maxSpeed 90 -> requested 90 -> live 90
2026-09-21 15:54:03 VEHICLE Vehicle.v_sportbike1_yaiba_kusanagi_player_03 | engine=Vehicle.v_sportbike1_yaiba_kusanagi_inline5 | records=8
2026-09-21 15:54:03   record[1]=Vehicle.v_sportbike1_yaiba_kusanagi_inline6 | maxSpeed 3 -> requested 3 -> live 3
2026-09-21 15:54:03   record[2]=Vehicle.v_sportbike1_yaiba_kusanagi_inline7 | maxSpeed 12 -> requested 12 -> live 12
2026-09-21 15:54:03   record[3]=Vehicle.v_sportbike1_yaiba_kusanagi_inline8 | maxSpeed 21 -> requested 21 -> live 21
2026-09-21 15:54:03   record[4]=Vehicle.v_sportbike1_yaiba_kusanagi_inline9 | maxSpeed 33 -> requested 33 -> live 33
2026-09-21 15:54:03   record[5]=Vehicle.v_sportbike1_yaiba_kusanagi_inline10 | maxSpeed 46 -> requested 46 -> live 46
2026-09-21 15:54:03   record[6]=Vehicle.v_sportbike1_yaiba_kusanagi_inline11 | maxSpeed 60 -> requested 60 -> live 60
2026-09-21 15:54:03   record[7]=Vehicle.v_sportbike1_yaiba_kusanagi_inline12 | maxSpeed 76 -> requested 76 -> live 76
2026-09-21 15:54:03   record[8]=Vehicle.v_sportbike1_yaiba_kusanagi_inline13 | maxSpeed 90 -> requested 90 -> live 90
2026-09-21 15:54:06 VEHICLE Vehicle.v_sportbike1_yaiba_kusanagi_player_03 | engine=Vehicle.v_sportbike1_yaiba_kusanagi_inline5 | records=8
2026-09-21 15:54:06   record[1]=Vehicle.v_sportbike1_yaiba_kusanagi_inline6 | maxSpeed 3 -> requested 3 -> live 3
2026-09-21 15:54:06   record[2]=Vehicle.v_sportbike1_yaiba_kusanagi_inline7 | maxSpeed 12 -> requested 12 -> live 12
2026-09-21 15:54:06   record[3]=Vehicle.v_sportbike1_yaiba_kusanagi_inline8 | maxSpeed 21 -> requested 21 -> live 21
2026-09-21 15:54:06   record[4]=Vehicle.v_sportbike1_yaiba_kusanagi_inline9 | maxSpeed 33 -> requested 33 -> live 33
2026-09-21 15:54:06   record[5]=Vehicle.v_sportbike1_yaiba_kusanagi_inline10 | maxSpeed 46 -> requested 46 -> live 46
2026-09-21 15:54:06   record[6]=Vehicle.v_sportbike1_yaiba_kusanagi_inline11 | maxSpeed 60 -> requested 60 -> live 60
2026-09-21 15:54:06   record[7]=Vehicle.v_sportbike1_yaiba_kusanagi_inline12 | maxSpeed 76 -> requested 76 -> live 76
2026-09-21 15:54:06   record[8]=Vehicle.v_sportbike1_yaiba_kusanagi_inline13 | maxSpeed 90 -> requested 90 -> live 90
2026-09-21 15:54:25 VEHICLE Vehicle.v_sportbike1_yaiba_kusanagi_player_03 | engine=Vehicle.v_sportbike1_yaiba_kusanagi_inline5 | records=8
2026-09-21 15:54:25   record[1]=Vehicle.v_sportbike1_yaiba_kusanagi_inline6 | maxSpeed 3 -> requested 3 -> live 3
2026-09-21 15:54:25   record[2]=Vehicle.v_sportbike1_yaiba_kusanagi_inline7 | maxSpeed 12 -> requested 12 -> live 12
2026-09-21 15:54:25   record[3]=Vehicle.v_sportbike1_yaiba_kusanagi_inline8 | maxSpeed 21 -> requested 21 -> live 21
2026-09-21 15:54:25   record[4]=Vehicle.v_sportbike1_yaiba_kusanagi_inline9 | maxSpeed 33 -> requested 33 -> live 33
2026-09-21 15:54:25   record[5]=Vehicle.v_sportbike1_yaiba_kusanagi_inline10 | maxSpeed 46 -> requested 46 -> live 46
2026-09-21 15:54:25   record[6]=Vehicle.v_sportbike1_yaiba_kusanagi_inline11 | maxSpeed 60 -> requested 60 -> live 60
2026-09-21 15:54:25   record[7]=Vehicle.v_sportbike1_yaiba_kusanagi_inline12 | maxSpeed 76 -> requested 76 -> live 76
2026-09-21 15:54:25   record[8]=Vehicle.v_sportbike1_yaiba_kusanagi_inline13 | maxSpeed 90 -> requested 90 -> live 90
2026-09-21 15:54:27 VEHICLE Vehicle.v_sportbike1_yaiba_kusanagi_player_03 | engine=Vehicle.v_sportbike1_yaiba_kusanagi_inline5 | records=8
2026-09-21 15:54:27   record[1]=Vehicle.v_sportbike1_yaiba_kusanagi_inline6 | maxSpeed 3 -> requested 3 -> live 3
2026-09-21 15:54:27   record[2]=Vehicle.v_sportbike1_yaiba_kusanagi_inline7 | maxSpeed 12 -> requested 12 -> live 12
2026-09-21 15:54:27   record[3]=Vehicle.v_sportbike1_yaiba_kusanagi_inline8 | maxSpeed 21 -> requested 21 -> live 21
2026-09-21 15:54:27   record[4]=Vehicle.v_sportbike1_yaiba_kusanagi_inline9 | maxSpeed 33 -> requested 33 -> live 33
2026-09-21 15:54:27   record[5]=Vehicle.v_sportbike1_yaiba_kusanagi_inline10 | maxSpeed 46 -> requested 46 -> live 46
2026-09-21 15:54:27   record[6]=Vehicle.v_sportbike1_yaiba_kusanagi_inline11 | maxSpeed 60 -> requested 60 -> live 60
2026-09-21 15:54:27   record[7]=Vehicle.v_sportbike1_yaiba_kusanagi_inline12 | maxSpeed 76 -> requested 76 -> live 76
2026-09-21 15:54:27   record[8]=Vehicle.v_sportbike1_yaiba_kusanagi_inline13 | maxSpeed 90 -> requested 90 -> live 90
2026-09-21 15:55:07 VEHICLE Vehicle.v_sportbike1_yaiba_kusanagi_player_03 | engine=Vehicle.v_sportbike1_yaiba_kusanagi_inline5 | records=8
2026-09-21 15:55:07   record[1]=Vehicle.v_sportbike1_yaiba_kusanagi_inline6 | maxSpeed 3 -> requested 3 -> live 3
2026-09-21 15:55:07   record[2]=Vehicle.v_sportbike1_yaiba_kusanagi_inline7 | maxSpeed 12 -> requested 12 -> live 12
2026-09-21 15:55:07   record[3]=Vehicle.v_sportbike1_yaiba_kusanagi_inline8 | maxSpeed 21 -> requested 21 -> live 21
2026-09-21 15:55:07   record[4]=Vehicle.v_sportbike1_yaiba_kusanagi_inline9 | maxSpeed 33 -> requested 33 -> live 33
2026-09-21 15:55:07   record[5]=Vehicle.v_sportbike1_yaiba_kusanagi_inline10 | maxSpeed 46 -> requested 46 -> live 46
2026-09-21 15:55:07   record[6]=Vehicle.v_sportbike1_yaiba_kusanagi_inline11 | maxSpeed 60 -> requested 60 -> live 60
2026-09-21 15:55:07   record[7]=Vehicle.v_sportbike1_yaiba_kusanagi_inline12 | maxSpeed 76 -> requested 76 -> live 76
2026-09-21 15:55:07   record[8]=Vehicle.v_sportbike1_yaiba_kusanagi_inline13 | maxSpeed 90 -> requested 90 -> live 90
2026-09-21 15:55:09 VEHICLE Vehicle.v_sportbike1_yaiba_kusanagi_player_03 | engine=Vehicle.v_sportbike1_yaiba_kusanagi_inline5 | records=8
2026-09-21 15:55:09   record[1]=Vehicle.v_sportbike1_yaiba_kusanagi_inline6 | maxSpeed 3 -> requested 3 -> live 3
2026-09-21 15:55:09   record[2]=Vehicle.v_sportbike1_yaiba_kusanagi_inline7 | maxSpeed 12 -> requested 12 -> live 12
2026-09-21 15:55:09   record[3]=Vehicle.v_sportbike1_yaiba_kusanagi_inline8 | maxSpeed 21 -> requested 21 -> live 21
2026-09-21 15:55:09   record[4]=Vehicle.v_sportbike1_yaiba_kusanagi_inline9 | maxSpeed 33 -> requested 33 -> live 33
2026-09-21 15:55:09   record[5]=Vehicle.v_sportbike1_yaiba_kusanagi_inline10 | maxSpeed 46 -> requested 46 -> live 46
2026-09-21 15:55:09   record[6]=Vehicle.v_sportbike1_yaiba_kusanagi_inline11 | maxSpeed 60 -> requested 60 -> live 60
2026-09-21 15:55:09   record[7]=Vehicle.v_sportbike1_yaiba_kusanagi_inline12 | maxSpeed 76 -> requested 76 -> live 76
2026-09-21 15:55:09   record[8]=Vehicle.v_sportbike1_yaiba_kusanagi_inline13 | maxSpeed 90 -> requested 90 -> live 90
2026-09-21 15:55:11 VEHICLE Vehicle.v_sportbike1_yaiba_kusanagi_player_03 | engine=Vehicle.v_sportbike1_yaiba_kusanagi_inline5 | records=8
2026-09-21 15:55:11   record[1]=Vehicle.v_sportbike1_yaiba_kusanagi_inline6 | maxSpeed 3 -> requested 3 -> live 3
2026-09-21 15:55:11   record[2]=Vehicle.v_sportbike1_yaiba_kusanagi_inline7 | maxSpeed 12 -> requested 12 -> live 12
2026-09-21 15:55:11   record[3]=Vehicle.v_sportbike1_yaiba_kusanagi_inline8 | maxSpeed 21 -> requested 21 -> live 21
2026-09-21 15:55:11   record[4]=Vehicle.v_sportbike1_yaiba_kusanagi_inline9 | maxSpeed 33 -> requested 33 -> live 33
2026-09-21 15:55:11   record[5]=Vehicle.v_sportbike1_yaiba_kusanagi_inline10 | maxSpeed 46 -> requested 46 -> live 46
2026-09-21 15:55:11   record[6]=Vehicle.v_sportbike1_yaiba_kusanagi_inline11 | maxSpeed 60 -> requested 60 -> live 60
2026-09-21 15:55:11   record[7]=Vehicle.v_sportbike1_yaiba_kusanagi_inline12 | maxSpeed 76 -> requested 76 -> live 76
2026-09-21 15:55:11   record[8]=Vehicle.v_sportbike1_yaiba_kusanagi_inline13 | maxSpeed 90 -> requested 90 -> live 90
2026-09-21 15:55:48 VEHICLE Vehicle.v_sportbike1_yaiba_kusanagi_player_03 | engine=Vehicle.v_sportbike1_yaiba_kusanagi_inline5 | records=8
2026-09-21 15:55:48   record[1]=Vehicle.v_sportbike1_yaiba_kusanagi_inline6 | maxSpeed 3 -> requested 3 -> live 3
2026-09-21 15:55:48   record[2]=Vehicle.v_sportbike1_yaiba_kusanagi_inline7 | maxSpeed 12 -> requested 12 -> live 12
2026-09-21 15:55:48   record[3]=Vehicle.v_sportbike1_yaiba_kusanagi_inline8 | maxSpeed 21 -> requested 21 -> live 21
2026-09-21 15:55:48   record[4]=Vehicle.v_sportbike1_yaiba_kusanagi_inline9 | maxSpeed 33 -> requested 33 -> live 33
2026-09-21 15:55:48   record[5]=Vehicle.v_sportbike1_yaiba_kusanagi_inline10 | maxSpeed 46 -> requested 46 -> live 46
2026-09-21 15:55:48   record[6]=Vehicle.v_sportbike1_yaiba_kusanagi_inline11 | maxSpeed 60 -> requested 60 -> live 60
2026-09-21 15:55:48   record[7]=Vehicle.v_sportbike1_yaiba_kusanagi_inline12 | maxSpeed 76 -> requested 76 -> live 76
2026-09-21 15:55:48   record[8]=Vehicle.v_sportbike1_yaiba_kusanagi_inline13 | maxSpeed 90 -> requested 90 -> live 90
2026-09-21 15:55:51 VEHICLE Vehicle.v_sportbike1_yaiba_kusanagi_player_03 | engine=Vehicle.v_sportbike1_yaiba_kusanagi_inline5 | records=8
2026-09-21 15:55:51   record[1]=Vehicle.v_sportbike1_yaiba_kusanagi_inline6 | maxSpeed 3 -> requested 3 -> live 3
2026-09-21 15:55:51   record[2]=Vehicle.v_sportbike1_yaiba_kusanagi_inline7 | maxSpeed 12 -> requested 12 -> live 12
2026-09-21 15:55:51   record[3]=Vehicle.v_sportbike1_yaiba_kusanagi_inline8 | maxSpeed 21 -> requested 21 -> live 21
2026-09-21 15:55:51   record[4]=Vehicle.v_sportbike1_yaiba_kusanagi_inline9 | maxSpeed 33 -> requested 33 -> live 33
2026-09-21 15:55:51   record[5]=Vehicle.v_sportbike1_yaiba_kusanagi_inline10 | maxSpeed 46 -> requested 46 -> live 46
2026-09-21 15:55:51   record[6]=Vehicle.v_sportbike1_yaiba_kusanagi_inline11 | maxSpeed 60 -> requested 60 -> live 60
2026-09-21 15:55:51   record[7]=Vehicle.v_sportbike1_yaiba_kusanagi_inline12 | maxSpeed 76 -> requested 76 -> live 76
2026-09-21 15:55:51   record[8]=Vehicle.v_sportbike1_yaiba_kusanagi_inline13 | maxSpeed 90 -> requested 90 -> live 90
2026-09-21 15:55:53 VEHICLE Vehicle.v_sportbike1_yaiba_kusanagi_player_03 | engine=Vehicle.v_sportbike1_yaiba_kusanagi_inline5 | records=8
2026-09-21 15:55:53   record[1]=Vehicle.v_sportbike1_yaiba_kusanagi_inline6 | maxSpeed 3 -> requested 3 -> live 3
2026-09-21 15:55:53   record[2]=Vehicle.v_sportbike1_yaiba_kusanagi_inline7 | maxSpeed 12 -> requested 12 -> live 12
2026-09-21 15:55:53   record[3]=Vehicle.v_sportbike1_yaiba_kusanagi_inline8 | maxSpeed 21 -> requested 21 -> live 21
2026-09-21 15:55:53   record[4]=Vehicle.v_sportbike1_yaiba_kusanagi_inline9 | maxSpeed 33 -> requested 33 -> live 33
2026-09-21 15:55:53   record[5]=Vehicle.v_sportbike1_yaiba_kusanagi_inline10 | maxSpeed 46 -> requested 46 -> live 46
2026-09-21 15:55:53   record[6]=Vehicle.v_sportbike1_yaiba_kusanagi_inline11 | maxSpeed 60 -> requested 60 -> live 60
2026-09-21 15:55:53   record[7]=Vehicle.v_sportbike1_yaiba_kusanagi_inline12 | maxSpeed 76 -> requested 76 -> live 76
2026-09-21 15:55:53   record[8]=Vehicle.v_sportbike1_yaiba_kusanagi_inline13 | maxSpeed 90 -> requested 90 -> live 90
2026-09-21 15:55:54 VEHICLE Vehicle.v_sportbike1_yaiba_kusanagi_player_03 | engine=Vehicle.v_sportbike1_yaiba_kusanagi_inline5 | records=8
2026-09-21 15:55:54   record[1]=Vehicle.v_sportbike1_yaiba_kusanagi_inline6 | maxSpeed 3 -> requested 3 -> live 3
2026-09-21 15:55:54   record[2]=Vehicle.v_sportbike1_yaiba_kusanagi_inline7 | maxSpeed 12 -> requested 12 -> live 12
2026-09-21 15:55:54   record[3]=Vehicle.v_sportbike1_yaiba_kusanagi_inline8 | maxSpeed 21 -> requested 21 -> live 21
2026-09-21 15:55:54   record[4]=Vehicle.v_sportbike1_yaiba_kusanagi_inline9 | maxSpeed 33 -> requested 33 -> live 33
2026-09-21 15:55:54   record[5]=Vehicle.v_sportbike1_yaiba_kusanagi_inline10 | maxSpeed 46 -> requested 46 -> live 46
2026-09-21 15:55:54   record[6]=Vehicle.v_sportbike1_yaiba_kusanagi_inline11 | maxSpeed 60 -> requested 60 -> live 60
2026-09-21 15:55:54   record[7]=Vehicle.v_sportbike1_yaiba_kusanagi_inline12 | maxSpeed 76 -> requested 76 -> live 76
2026-09-21 15:55:54   record[8]=Vehicle.v_sportbike1_yaiba_kusanagi_inline13 | maxSpeed 90 -> requested 90 -> live 90
2026-09-21 15:55:57 VEHICLE Vehicle.v_sportbike1_yaiba_kusanagi_player_03 | engine=Vehicle.v_sportbike1_yaiba_kusanagi_inline5 | records=8
2026-09-21 15:55:57   record[1]=Vehicle.v_sportbike1_yaiba_kusanagi_inline6 | maxSpeed 3 -> requested 3 -> live 3
2026-09-21 15:55:57   record[2]=Vehicle.v_sportbike1_yaiba_kusanagi_inline7 | maxSpeed 12 -> requested 12 -> live 12
2026-09-21 15:55:57   record[3]=Vehicle.v_sportbike1_yaiba_kusanagi_inline8 | maxSpeed 21 -> requested 21 -> live 21
2026-09-21 15:55:57   record[4]=Vehicle.v_sportbike1_yaiba_kusanagi_inline9 | maxSpeed 33 -> requested 33 -> live 33
2026-09-21 15:55:57   record[5]=Vehicle.v_sportbike1_yaiba_kusanagi_inline10 | maxSpeed 46 -> requested 46 -> live 46
2026-09-21 15:55:57   record[6]=Vehicle.v_sportbike1_yaiba_kusanagi_inline11 | maxSpeed 60 -> requested 60 -> live 60
2026-09-21 15:55:57   record[7]=Vehicle.v_sportbike1_yaiba_kusanagi_inline12 | maxSpeed 76 -> requested 76 -> live 76
2026-09-21 15:55:57   record[8]=Vehicle.v_sportbike1_yaiba_kusanagi_inline13 | maxSpeed 90 -> requested 90 -> live 90
2026-09-21 15:55:58 VEHICLE Vehicle.v_sportbike1_yaiba_kusanagi_player_03 | engine=Vehicle.v_sportbike1_yaiba_kusanagi_inline5 | records=8
2026-09-21 15:55:58   record[1]=Vehicle.v_sportbike1_yaiba_kusanagi_inline6 | maxSpeed 3 -> requested 3 -> live 3
2026-09-21 15:55:58   record[2]=Vehicle.v_sportbike1_yaiba_kusanagi_inline7 | maxSpeed 12 -> requested 12 -> live 12
2026-09-21 15:55:58   record[3]=Vehicle.v_sportbike1_yaiba_kusanagi_inline8 | maxSpeed 21 -> requested 21 -> live 21
2026-09-21 15:55:58   record[4]=Vehicle.v_sportbike1_yaiba_kusanagi_inline9 | maxSpeed 33 -> requested 33 -> live 33
2026-09-21 15:55:58   record[5]=Vehicle.v_sportbike1_yaiba_kusanagi_inline10 | maxSpeed 46 -> requested 46 -> live 46
2026-09-21 15:55:58   record[6]=Vehicle.v_sportbike1_yaiba_kusanagi_inline11 | maxSpeed 60 -> requested 60 -> live 60
2026-09-21 15:55:58   record[7]=Vehicle.v_sportbike1_yaiba_kusanagi_inline12 | maxSpeed 76 -> requested 76 -> live 76
2026-09-21 15:55:58   record[8]=Vehicle.v_sportbike1_yaiba_kusanagi_inline13 | maxSpeed 90 -> requested 90 -> live 90
2026-09-21 15:55:59 VEHICLE Vehicle.v_sportbike1_yaiba_kusanagi_player_03 | engine=Vehicle.v_sportbike1_yaiba_kusanagi_inline5 | records=8
2026-09-21 15:55:59   record[1]=Vehicle.v_sportbike1_yaiba_kusanagi_inline6 | maxSpeed 3 -> requested 3 -> live 3
2026-09-21 15:55:59   record[2]=Vehicle.v_sportbike1_yaiba_kusanagi_inline7 | maxSpeed 12 -> requested 12 -> live 12
2026-09-21 15:55:59   record[3]=Vehicle.v_sportbike1_yaiba_kusanagi_inline8 | maxSpeed 21 -> requested 21 -> live 21
2026-09-21 15:55:59   record[4]=Vehicle.v_sportbike1_yaiba_kusanagi_inline9 | maxSpeed 33 -> requested 33 -> live 33
2026-09-21 15:55:59   record[5]=Vehicle.v_sportbike1_yaiba_kusanagi_inline10 | maxSpeed 46 -> requested 46 -> live 46
2026-09-21 15:55:59   record[6]=Vehicle.v_sportbike1_yaiba_kusanagi_inline11 | maxSpeed 60 -> requested 60 -> live 60
2026-09-21 15:55:59   record[7]=Vehicle.v_sportbike1_yaiba_kusanagi_inline12 | maxSpeed 76 -> requested 76 -> live 76
2026-09-21 15:55:59   record[8]=Vehicle.v_sportbike1_yaiba_kusanagi_inline13 | maxSpeed 90 -> requested 90 -> live 90
2026-09-21 15:56:49 VEHICLE Vehicle.v_sportbike1_yaiba_kusanagi_player_03 | engine=Vehicle.v_sportbike1_yaiba_kusanagi_inline5 | records=8
2026-09-21 15:56:49   record[1]=Vehicle.v_sportbike1_yaiba_kusanagi_inline6 | maxSpeed 3 -> requested 3 -> live 3
2026-09-21 15:56:49   record[2]=Vehicle.v_sportbike1_yaiba_kusanagi_inline7 | maxSpeed 12 -> requested 12 -> live 12
2026-09-21 15:56:49   record[3]=Vehicle.v_sportbike1_yaiba_kusanagi_inline8 | maxSpeed 21 -> requested 21 -> live 21
2026-09-21 15:56:49   record[4]=Vehicle.v_sportbike1_yaiba_kusanagi_inline9 | maxSpeed 33 -> requested 33 -> live 33
2026-09-21 15:56:49   record[5]=Vehicle.v_sportbike1_yaiba_kusanagi_inline10 | maxSpeed 46 -> requested 46 -> live 46
2026-09-21 15:56:49   record[6]=Vehicle.v_sportbike1_yaiba_kusanagi_inline11 | maxSpeed 60 -> requested 60 -> live 60
2026-09-21 15:56:49   record[7]=Vehicle.v_sportbike1_yaiba_kusanagi_inline12 | maxSpeed 76 -> requested 76 -> live 76
2026-09-21 15:56:49   record[8]=Vehicle.v_sportbike1_yaiba_kusanagi_inline13 | maxSpeed 90 -> requested 90 -> live 90
2026-09-21 15:56:50 VEHICLE Vehicle.v_sportbike1_yaiba_kusanagi_player_03 | engine=Vehicle.v_sportbike1_yaiba_kusanagi_inline5 | records=8
2026-09-21 15:56:50   record[1]=Vehicle.v_sportbike1_yaiba_kusanagi_inline6 | maxSpeed 3 -> requested 3 -> live 3
2026-09-21 15:56:50   record[2]=Vehicle.v_sportbike1_yaiba_kusanagi_inline7 | maxSpeed 12 -> requested 12 -> live 12
2026-09-21 15:56:50   record[3]=Vehicle.v_sportbike1_yaiba_kusanagi_inline8 | maxSpeed 21 -> requested 21 -> live 21
2026-09-21 15:56:50   record[4]=Vehicle.v_sportbike1_yaiba_kusanagi_inline9 | maxSpeed 33 -> requested 33 -> live 33
2026-09-21 15:56:50   record[5]=Vehicle.v_sportbike1_yaiba_kusanagi_inline10 | maxSpeed 46 -> requested 46 -> live 46
2026-09-21 15:56:50   record[6]=Vehicle.v_sportbike1_yaiba_kusanagi_inline11 | maxSpeed 60 -> requested 60 -> live 60
2026-09-21 15:56:50   record[7]=Vehicle.v_sportbike1_yaiba_kusanagi_inline12 | maxSpeed 76 -> requested 76 -> live 76
2026-09-21 15:56:50   record[8]=Vehicle.v_sportbike1_yaiba_kusanagi_inline13 | maxSpeed 90 -> requested 90 -> live 90
2026-09-21 15:57:07 VEHICLE Vehicle.v_sportbike1_yaiba_kusanagi_player_03 | engine=Vehicle.v_sportbike1_yaiba_kusanagi_inline5 | records=8
2026-09-21 15:57:07   record[1]=Vehicle.v_sportbike1_yaiba_kusanagi_inline6 | maxSpeed 3 -> requested 3 -> live 3
2026-09-21 15:57:07   record[2]=Vehicle.v_sportbike1_yaiba_kusanagi_inline7 | maxSpeed 12 -> requested 12 -> live 12
2026-09-21 15:57:07   record[3]=Vehicle.v_sportbike1_yaiba_kusanagi_inline8 | maxSpeed 21 -> requested 21 -> live 21
2026-09-21 15:57:07   record[4]=Vehicle.v_sportbike1_yaiba_kusanagi_inline9 | maxSpeed 33 -> requested 33 -> live 33
2026-09-21 15:57:07   record[5]=Vehicle.v_sportbike1_yaiba_kusanagi_inline10 | maxSpeed 46 -> requested 46 -> live 46
2026-09-21 15:57:07   record[6]=Vehicle.v_sportbike1_yaiba_kusanagi_inline11 | maxSpeed 60 -> requested 60 -> live 60
2026-09-21 15:57:07   record[7]=Vehicle.v_sportbike1_yaiba_kusanagi_inline12 | maxSpeed 76 -> requested 76 -> live 76
2026-09-21 15:57:07   record[8]=Vehicle.v_sportbike1_yaiba_kusanagi_inline13 | maxSpeed 90 -> requested 90 -> live 90
2026-09-21 15:57:10 VEHICLE Vehicle.v_sportbike1_yaiba_kusanagi_player_03 | engine=Vehicle.v_sportbike1_yaiba_kusanagi_inline5 | records=8
2026-09-21 15:57:10   record[1]=Vehicle.v_sportbike1_yaiba_kusanagi_inline6 | maxSpeed 3 -> requested 3 -> live 3
2026-09-21 15:57:10   record[2]=Vehicle.v_sportbike1_yaiba_kusanagi_inline7 | maxSpeed 12 -> requested 12 -> live 12
2026-09-21 15:57:10   record[3]=Vehicle.v_sportbike1_yaiba_kusanagi_inline8 | maxSpeed 21 -> requested 21 -> live 21
2026-09-21 15:57:10   record[4]=Vehicle.v_sportbike1_yaiba_kusanagi_inline9 | maxSpeed 33 -> requested 33 -> live 33
2026-09-21 15:57:10   record[5]=Vehicle.v_sportbike1_yaiba_kusanagi_inline10 | maxSpeed 46 -> requested 46 -> live 46
2026-09-21 15:57:10   record[6]=Vehicle.v_sportbike1_yaiba_kusanagi_inline11 | maxSpeed 60 -> requested 60 -> live 60
2026-09-21 15:57:10   record[7]=Vehicle.v_sportbike1_yaiba_kusanagi_inline12 | maxSpeed 76 -> requested 76 -> live 76
2026-09-21 15:57:10   record[8]=Vehicle.v_sportbike1_yaiba_kusanagi_inline13 | maxSpeed 90 -> requested 90 -> live 90
2026-09-21 15:57:12 VEHICLE Vehicle.v_sportbike1_yaiba_kusanagi_player_03 | engine=Vehicle.v_sportbike1_yaiba_kusanagi_inline5 | records=8
2026-09-21 15:57:12   record[1]=Vehicle.v_sportbike1_yaiba_kusanagi_inline6 | maxSpeed 3 -> requested 3 -> live 3
2026-09-21 15:57:12   record[2]=Vehicle.v_sportbike1_yaiba_kusanagi_inline7 | maxSpeed 12 -> requested 12 -> live 12
2026-09-21 15:57:12   record[3]=Vehicle.v_sportbike1_yaiba_kusanagi_inline8 | maxSpeed 21 -> requested 21 -> live 21
2026-09-21 15:57:12   record[4]=Vehicle.v_sportbike1_yaiba_kusanagi_inline9 | maxSpeed 33 -> requested 33 -> live 33
2026-09-21 15:57:12   record[5]=Vehicle.v_sportbike1_yaiba_kusanagi_inline10 | maxSpeed 46 -> requested 46 -> live 46
2026-09-21 15:57:12   record[6]=Vehicle.v_sportbike1_yaiba_kusanagi_inline11 | maxSpeed 60 -> requested 60 -> live 60
2026-09-21 15:57:12   record[7]=Vehicle.v_sportbike1_yaiba_kusanagi_inline12 | maxSpeed 76 -> requested 76 -> live 76
2026-09-21 15:57:12   record[8]=Vehicle.v_sportbike1_yaiba_kusanagi_inline13 | maxSpeed 90 -> requested 90 -> live 90
2026-09-21 15:57:45 VEHICLE Vehicle.v_sportbike1_yaiba_kusanagi_player_03 | engine=Vehicle.v_sportbike1_yaiba_kusanagi_inline5 | records=8
2026-09-21 15:57:45   record[1]=Vehicle.v_sportbike1_yaiba_kusanagi_inline6 | maxSpeed 3 -> requested 3 -> live 3
2026-09-21 15:57:45   record[2]=Vehicle.v_sportbike1_yaiba_kusanagi_inline7 | maxSpeed 12 -> requested 12 -> live 12
2026-09-21 15:57:45   record[3]=Vehicle.v_sportbike1_yaiba_kusanagi_inline8 | maxSpeed 21 -> requested 21 -> live 21
2026-09-21 15:57:45   record[4]=Vehicle.v_sportbike1_yaiba_kusanagi_inline9 | maxSpeed 33 -> requested 33 -> live 33
2026-09-21 15:57:45   record[5]=Vehicle.v_sportbike1_yaiba_kusanagi_inline10 | maxSpeed 46 -> requested 46 -> live 46
2026-09-21 15:57:45   record[6]=Vehicle.v_sportbike1_yaiba_kusanagi_inline11 | maxSpeed 60 -> requested 60 -> live 60
2026-09-21 15:57:45   record[7]=Vehicle.v_sportbike1_yaiba_kusanagi_inline12 | maxSpeed 76 -> requested 76 -> live 76
2026-09-21 15:57:45   record[8]=Vehicle.v_sportbike1_yaiba_kusanagi_inline13 | maxSpeed 90 -> requested 90 -> live 90
2026-09-21 15:57:50 VEHICLE Vehicle.v_sportbike1_yaiba_kusanagi_player_03 | engine=Vehicle.v_sportbike1_yaiba_kusanagi_inline5 | records=8
2026-09-21 15:57:50   record[1]=Vehicle.v_sportbike1_yaiba_kusanagi_inline6 | maxSpeed 3 -> requested 3 -> live 3
2026-09-21 15:57:50   record[2]=Vehicle.v_sportbike1_yaiba_kusanagi_inline7 | maxSpeed 12 -> requested 12 -> live 12
2026-09-21 15:57:50   record[3]=Vehicle.v_sportbike1_yaiba_kusanagi_inline8 | maxSpeed 21 -> requested 21 -> live 21
2026-09-21 15:57:50   record[4]=Vehicle.v_sportbike1_yaiba_kusanagi_inline9 | maxSpeed 33 -> requested 33 -> live 33
2026-09-21 15:57:50   record[5]=Vehicle.v_sportbike1_yaiba_kusanagi_inline10 | maxSpeed 46 -> requested 46 -> live 46
2026-09-21 15:57:50   record[6]=Vehicle.v_sportbike1_yaiba_kusanagi_inline11 | maxSpeed 60 -> requested 60 -> live 60
2026-09-21 15:57:50   record[7]=Vehicle.v_sportbike1_yaiba_kusanagi_inline12 | maxSpeed 76 -> requested 76 -> live 76
2026-09-21 15:57:50   record[8]=Vehicle.v_sportbike1_yaiba_kusanagi_inline13 | maxSpeed 90 -> requested 90 -> live 90
2026-09-21 15:57:52 VEHICLE Vehicle.v_sportbike1_yaiba_kusanagi_player_03 | engine=Vehicle.v_sportbike1_yaiba_kusanagi_inline5 | records=8
2026-09-21 15:57:52   record[1]=Vehicle.v_sportbike1_yaiba_kusanagi_inline6 | maxSpeed 3 -> requested 3 -> live 3
2026-09-21 15:57:52   record[2]=Vehicle.v_sportbike1_yaiba_kusanagi_inline7 | maxSpeed 12 -> requested 12 -> live 12
2026-09-21 15:57:52   record[3]=Vehicle.v_sportbike1_yaiba_kusanagi_inline8 | maxSpeed 21 -> requested 21 -> live 21
2026-09-21 15:57:52   record[4]=Vehicle.v_sportbike1_yaiba_kusanagi_inline9 | maxSpeed 33 -> requested 33 -> live 33
2026-09-21 15:57:52   record[5]=Vehicle.v_sportbike1_yaiba_kusanagi_inline10 | maxSpeed 46 -> requested 46 -> live 46
2026-09-21 15:57:52   record[6]=Vehicle.v_sportbike1_yaiba_kusanagi_inline11 | maxSpeed 60 -> requested 60 -> live 60
2026-09-21 15:57:52   record[7]=Vehicle.v_sportbike1_yaiba_kusanagi_inline12 | maxSpeed 76 -> requested 76 -> live 76
2026-09-21 15:57:52   record[8]=Vehicle.v_sportbike1_yaiba_kusanagi_inline13 | maxSpeed 90 -> requested 90 -> live 90
2026-09-21 15:57:53 VEHICLE Vehicle.v_sportbike1_yaiba_kusanagi_player_03 | engine=Vehicle.v_sportbike1_yaiba_kusanagi_inline5 | records=8
2026-09-21 15:57:53   record[1]=Vehicle.v_sportbike1_yaiba_kusanagi_inline6 | maxSpeed 3 -> requested 3 -> live 3
2026-09-21 15:57:53   record[2]=Vehicle.v_sportbike1_yaiba_kusanagi_inline7 | maxSpeed 12 -> requested 12 -> live 12
2026-09-21 15:57:53   record[3]=Vehicle.v_sportbike1_yaiba_kusanagi_inline8 | maxSpeed 21 -> requested 21 -> live 21
2026-09-21 15:57:53   record[4]=Vehicle.v_sportbike1_yaiba_kusanagi_inline9 | maxSpeed 33 -> requested 33 -> live 33
2026-09-21 15:57:53   record[5]=Vehicle.v_sportbike1_yaiba_kusanagi_inline10 | maxSpeed 46 -> requested 46 -> live 46
2026-09-21 15:57:53   record[6]=Vehicle.v_sportbike1_yaiba_kusanagi_inline11 | maxSpeed 60 -> requested 60 -> live 60
2026-09-21 15:57:53   record[7]=Vehicle.v_sportbike1_yaiba_kusanagi_inline12 | maxSpeed 76 -> requested 76 -> live 76
2026-09-21 15:57:53   record[8]=Vehicle.v_sportbike1_yaiba_kusanagi_inline13 | maxSpeed 90 -> requested 90 -> live 90
2026-09-21 15:57:54 VEHICLE Vehicle.v_sportbike1_yaiba_kusanagi_player_03 | engine=Vehicle.v_sportbike1_yaiba_kusanagi_inline5 | records=8
2026-09-21 15:57:54   record[1]=Vehicle.v_sportbike1_yaiba_kusanagi_inline6 | maxSpeed 3 -> requested 3 -> live 3
2026-09-21 15:57:54   record[2]=Vehicle.v_sportbike1_yaiba_kusanagi_inline7 | maxSpeed 12 -> requested 12 -> live 12
2026-09-21 15:57:54   record[3]=Vehicle.v_sportbike1_yaiba_kusanagi_inline8 | maxSpeed 21 -> requested 21 -> live 21
2026-09-21 15:57:54   record[4]=Vehicle.v_sportbike1_yaiba_kusanagi_inline9 | maxSpeed 33 -> requested 33 -> live 33
2026-09-21 15:57:54   record[5]=Vehicle.v_sportbike1_yaiba_kusanagi_inline10 | maxSpeed 46 -> requested 46 -> live 46
2026-09-21 15:57:54   record[6]=Vehicle.v_sportbike1_yaiba_kusanagi_inline11 | maxSpeed 60 -> requested 60 -> live 60
2026-09-21 15:57:54   record[7]=Vehicle.v_sportbike1_yaiba_kusanagi_inline12 | maxSpeed 76 -> requested 76 -> live 76
2026-09-21 15:57:54   record[8]=Vehicle.v_sportbike1_yaiba_kusanagi_inline13 | maxSpeed 90 -> requested 90 -> live 90
2026-09-21 15:57:55 VEHICLE Vehicle.v_sportbike1_yaiba_kusanagi_player_03 | engine=Vehicle.v_sportbike1_yaiba_kusanagi_inline5 | records=8
2026-09-21 15:57:55   record[1]=Vehicle.v_sportbike1_yaiba_kusanagi_inline6 | maxSpeed 3 -> requested 3 -> live 3
2026-09-21 15:57:55   record[2]=Vehicle.v_sportbike1_yaiba_kusanagi_inline7 | maxSpeed 12 -> requested 12 -> live 12
2026-09-21 15:57:55   record[3]=Vehicle.v_sportbike1_yaiba_kusanagi_inline8 | maxSpeed 21 -> requested 21 -> live 21
2026-09-21 15:57:55   record[4]=Vehicle.v_sportbike1_yaiba_kusanagi_inline9 | maxSpeed 33 -> requested 33 -> live 33
2026-09-21 15:57:55   record[5]=Vehicle.v_sportbike1_yaiba_kusanagi_inline10 | maxSpeed 46 -> requested 46 -> live 46
2026-09-21 15:57:55   record[6]=Vehicle.v_sportbike1_yaiba_kusanagi_inline11 | maxSpeed 60 -> requested 60 -> live 60
2026-09-21 15:57:55   record[7]=Vehicle.v_sportbike1_yaiba_kusanagi_inline12 | maxSpeed 76 -> requested 76 -> live 76
2026-09-21 15:57:55   record[8]=Vehicle.v_sportbike1_yaiba_kusanagi_inline13 | maxSpeed 90 -> requested 90 -> live 90
2026-09-21 15:57:56 VEHICLE Vehicle.v_sportbike1_yaiba_kusanagi_player_03 | engine=Vehicle.v_sportbike1_yaiba_kusanagi_inline5 | records=8
2026-09-21 15:57:56   record[1]=Vehicle.v_sportbike1_yaiba_kusanagi_inline6 | maxSpeed 3 -> requested 3 -> live 3
2026-09-21 15:57:56   record[2]=Vehicle.v_sportbike1_yaiba_kusanagi_inline7 | maxSpeed 12 -> requested 12 -> live 12
2026-09-21 15:57:56   record[3]=Vehicle.v_sportbike1_yaiba_kusanagi_inline8 | maxSpeed 21 -> requested 21 -> live 21
2026-09-21 15:57:56   record[4]=Vehicle.v_sportbike1_yaiba_kusanagi_inline9 | maxSpeed 33 -> requested 33 -> live 33
2026-09-21 15:57:56   record[5]=Vehicle.v_sportbike1_yaiba_kusanagi_inline10 | maxSpeed 46 -> requested 46 -> live 46
2026-09-21 15:57:56   record[6]=Vehicle.v_sportbike1_yaiba_kusanagi_inline11 | maxSpeed 60 -> requested 60 -> live 60
2026-09-21 15:57:56   record[7]=Vehicle.v_sportbike1_yaiba_kusanagi_inline12 | maxSpeed 76 -> requested 76 -> live 76
2026-09-21 15:57:56   record[8]=Vehicle.v_sportbike1_yaiba_kusanagi_inline13 | maxSpeed 90 -> requested 90 -> live 90
2026-09-21 15:57:58 VEHICLE Vehicle.v_sportbike1_yaiba_kusanagi_player_03 | engine=Vehicle.v_sportbike1_yaiba_kusanagi_inline5 | records=8
2026-09-21 15:57:58   record[1]=Vehicle.v_sportbike1_yaiba_kusanagi_inline6 | maxSpeed 3 -> requested 3 -> live 3
2026-09-21 15:57:58   record[2]=Vehicle.v_sportbike1_yaiba_kusanagi_inline7 | maxSpeed 12 -> requested 12 -> live 12
2026-09-21 15:57:58   record[3]=Vehicle.v_sportbike1_yaiba_kusanagi_inline8 | maxSpeed 21 -> requested 21 -> live 21
2026-09-21 15:57:58   record[4]=Vehicle.v_sportbike1_yaiba_kusanagi_inline9 | maxSpeed 33 -> requested 33 -> live 33
2026-09-21 15:57:58   record[5]=Vehicle.v_sportbike1_yaiba_kusanagi_inline10 | maxSpeed 46 -> requested 46 -> live 46
2026-09-21 15:57:58   record[6]=Vehicle.v_sportbike1_yaiba_kusanagi_inline11 | maxSpeed 60 -> requested 60 -> live 60
2026-09-21 15:57:58   record[7]=Vehicle.v_sportbike1_yaiba_kusanagi_inline12 | maxSpeed 76 -> requested 76 -> live 76
2026-09-21 15:57:58   record[8]=Vehicle.v_sportbike1_yaiba_kusanagi_inline13 | maxSpeed 90 -> requested 90 -> live 90
2026-09-21 15:58:00 VEHICLE Vehicle.v_sportbike1_yaiba_kusanagi_player_03 | engine=Vehicle.v_sportbike1_yaiba_kusanagi_inline5 | records=8
2026-09-21 15:58:00   record[1]=Vehicle.v_sportbike1_yaiba_kusanagi_inline6 | maxSpeed 3 -> requested 3 -> live 3
2026-09-21 15:58:00   record[2]=Vehicle.v_sportbike1_yaiba_kusanagi_inline7 | maxSpeed 12 -> requested 12 -> live 12
2026-09-21 15:58:00   record[3]=Vehicle.v_sportbike1_yaiba_kusanagi_inline8 | maxSpeed 21 -> requested 21 -> live 21
2026-09-21 15:58:00   record[4]=Vehicle.v_sportbike1_yaiba_kusanagi_inline9 | maxSpeed 33 -> requested 33 -> live 33
2026-09-21 15:58:00   record[5]=Vehicle.v_sportbike1_yaiba_kusanagi_inline10 | maxSpeed 46 -> requested 46 -> live 46
2026-09-21 15:58:00   record[6]=Vehicle.v_sportbike1_yaiba_kusanagi_inline11 | maxSpeed 60 -> requested 60 -> live 60
2026-09-21 15:58:00   record[7]=Vehicle.v_sportbike1_yaiba_kusanagi_inline12 | maxSpeed 76 -> requested 76 -> live 76
2026-09-21 15:58:00   record[8]=Vehicle.v_sportbike1_yaiba_kusanagi_inline13 | maxSpeed 90 -> requested 90 -> live 90
2026-09-21 15:59:32 VEHICLE Vehicle.v_sportbike1_yaiba_kusanagi_player_03 | engine=Vehicle.v_sportbike1_yaiba_kusanagi_inline5 | records=8
2026-09-21 15:59:32   record[1]=Vehicle.v_sportbike1_yaiba_kusanagi_inline6 | maxSpeed 3 -> requested 3 -> live 3
2026-09-21 15:59:32   record[2]=Vehicle.v_sportbike1_yaiba_kusanagi_inline7 | maxSpeed 12 -> requested 12 -> live 12
2026-09-21 15:59:32   record[3]=Vehicle.v_sportbike1_yaiba_kusanagi_inline8 | maxSpeed 21 -> requested 21 -> live 21
2026-09-21 15:59:32   record[4]=Vehicle.v_sportbike1_yaiba_kusanagi_inline9 | maxSpeed 33 -> requested 33 -> live 33
2026-09-21 15:59:32   record[5]=Vehicle.v_sportbike1_yaiba_kusanagi_inline10 | maxSpeed 46 -> requested 46 -> live 46
2026-09-21 15:59:32   record[6]=Vehicle.v_sportbike1_yaiba_kusanagi_inline11 | maxSpeed 60 -> requested 60 -> live 60
2026-09-21 15:59:32   record[7]=Vehicle.v_sportbike1_yaiba_kusanagi_inline12 | maxSpeed 76 -> requested 76 -> live 76
2026-09-21 15:59:32   record[8]=Vehicle.v_sportbike1_yaiba_kusanagi_inline13 | maxSpeed 90 -> requested 90 -> live 90
2026-09-21 15:59:33 VEHICLE Vehicle.v_sportbike1_yaiba_kusanagi_player_03 | engine=Vehicle.v_sportbike1_yaiba_kusanagi_inline5 | records=8
2026-09-21 15:59:33   record[1]=Vehicle.v_sportbike1_yaiba_kusanagi_inline6 | maxSpeed 3 -> requested 3 -> live 3
2026-09-21 15:59:33   record[2]=Vehicle.v_sportbike1_yaiba_kusanagi_inline7 | maxSpeed 12 -> requested 12 -> live 12
2026-09-21 15:59:33   record[3]=Vehicle.v_sportbike1_yaiba_kusanagi_inline8 | maxSpeed 21 -> requested 21 -> live 21
2026-09-21 15:59:33   record[4]=Vehicle.v_sportbike1_yaiba_kusanagi_inline9 | maxSpeed 33 -> requested 33 -> live 33
2026-09-21 15:59:33   record[5]=Vehicle.v_sportbike1_yaiba_kusanagi_inline10 | maxSpeed 46 -> requested 46 -> live 46
2026-09-21 15:59:33   record[6]=Vehicle.v_sportbike1_yaiba_kusanagi_inline11 | maxSpeed 60 -> requested 60 -> live 60
2026-09-21 15:59:33   record[7]=Vehicle.v_sportbike1_yaiba_kusanagi_inline12 | maxSpeed 76 -> requested 76 -> live 76
2026-09-21 15:59:33   record[8]=Vehicle.v_sportbike1_yaiba_kusanagi_inline13 | maxSpeed 90 -> requested 90 -> live 90
2026-09-21 15:59:54 VEHICLE Vehicle.v_sportbike1_yaiba_kusanagi_player_03 | engine=Vehicle.v_sportbike1_yaiba_kusanagi_inline5 | records=8
2026-09-21 15:59:54   record[1]=Vehicle.v_sportbike1_yaiba_kusanagi_inline6 | maxSpeed 3 -> requested 3 -> live 3
2026-09-21 15:59:54   record[2]=Vehicle.v_sportbike1_yaiba_kusanagi_inline7 | maxSpeed 12 -> requested 12 -> live 12
2026-09-21 15:59:54   record[3]=Vehicle.v_sportbike1_yaiba_kusanagi_inline8 | maxSpeed 21 -> requested 21 -> live 21
2026-09-21 15:59:54   record[4]=Vehicle.v_sportbike1_yaiba_kusanagi_inline9 | maxSpeed 33 -> requested 33 -> live 33
2026-09-21 15:59:54   record[5]=Vehicle.v_sportbike1_yaiba_kusanagi_inline10 | maxSpeed 46 -> requested 46 -> live 46
2026-09-21 15:59:54   record[6]=Vehicle.v_sportbike1_yaiba_kusanagi_inline11 | maxSpeed 60 -> requested 60 -> live 60
2026-09-21 15:59:54   record[7]=Vehicle.v_sportbike1_yaiba_kusanagi_inline12 | maxSpeed 76 -> requested 76 -> live 76
2026-09-21 15:59:54   record[8]=Vehicle.v_sportbike1_yaiba_kusanagi_inline13 | maxSpeed 90 -> requested 90 -> live 90
2026-09-21 15:59:55 VEHICLE Vehicle.v_sportbike1_yaiba_kusanagi_player_03 | engine=Vehicle.v_sportbike1_yaiba_kusanagi_inline5 | records=8
2026-09-21 15:59:55   record[1]=Vehicle.v_sportbike1_yaiba_kusanagi_inline6 | maxSpeed 3 -> requested 3 -> live 3
2026-09-21 15:59:55   record[2]=Vehicle.v_sportbike1_yaiba_kusanagi_inline7 | maxSpeed 12 -> requested 12 -> live 12
2026-09-21 15:59:55   record[3]=Vehicle.v_sportbike1_yaiba_kusanagi_inline8 | maxSpeed 21 -> requested 21 -> live 21
2026-09-21 15:59:55   record[4]=Vehicle.v_sportbike1_yaiba_kusanagi_inline9 | maxSpeed 33 -> requested 33 -> live 33
2026-09-21 15:59:55   record[5]=Vehicle.v_sportbike1_yaiba_kusanagi_inline10 | maxSpeed 46 -> requested 46 -> live 46
2026-09-21 15:59:55   record[6]=Vehicle.v_sportbike1_yaiba_kusanagi_inline11 | maxSpeed 60 -> requested 60 -> live 60
2026-09-21 15:59:55   record[7]=Vehicle.v_sportbike1_yaiba_kusanagi_inline12 | maxSpeed 76 -> requested 76 -> live 76
2026-09-21 15:59:55   record[8]=Vehicle.v_sportbike1_yaiba_kusanagi_inline13 | maxSpeed 90 -> requested 90 -> live 90
2026-09-21 15:59:57 VEHICLE Vehicle.v_sportbike1_yaiba_kusanagi_player_03 | engine=Vehicle.v_sportbike1_yaiba_kusanagi_inline5 | records=8
2026-09-21 15:59:57   record[1]=Vehicle.v_sportbike1_yaiba_kusanagi_inline6 | maxSpeed 3 -> requested 3 -> live 3
2026-09-21 15:59:57   record[2]=Vehicle.v_sportbike1_yaiba_kusanagi_inline7 | maxSpeed 12 -> requested 12 -> live 12
2026-09-21 15:59:57   record[3]=Vehicle.v_sportbike1_yaiba_kusanagi_inline8 | maxSpeed 21 -> requested 21 -> live 21
2026-09-21 15:59:57   record[4]=Vehicle.v_sportbike1_yaiba_kusanagi_inline9 | maxSpeed 33 -> requested 33 -> live 33
2026-09-21 15:59:57   record[5]=Vehicle.v_sportbike1_yaiba_kusanagi_inline10 | maxSpeed 46 -> requested 46 -> live 46
2026-09-21 15:59:57   record[6]=Vehicle.v_sportbike1_yaiba_kusanagi_inline11 | maxSpeed 60 -> requested 60 -> live 60
2026-09-21 15:59:57   record[7]=Vehicle.v_sportbike1_yaiba_kusanagi_inline12 | maxSpeed 76 -> requested 76 -> live 76
2026-09-21 15:59:57   record[8]=Vehicle.v_sportbike1_yaiba_kusanagi_inline13 | maxSpeed 90 -> requested 90 -> live 90
2026-09-21 16:01:55 VEHICLE Vehicle.v_sportbike1_yaiba_kusanagi_player_03 | engine=Vehicle.v_sportbike1_yaiba_kusanagi_inline5 | records=8
2026-09-21 16:01:55   record[1]=Vehicle.v_sportbike1_yaiba_kusanagi_inline6 | maxSpeed 3 -> requested 3 -> live 3
2026-09-21 16:01:55   record[2]=Vehicle.v_sportbike1_yaiba_kusanagi_inline7 | maxSpeed 12 -> requested 12 -> live 12
2026-09-21 16:01:55   record[3]=Vehicle.v_sportbike1_yaiba_kusanagi_inline8 | maxSpeed 21 -> requested 21 -> live 21
2026-09-21 16:01:55   record[4]=Vehicle.v_sportbike1_yaiba_kusanagi_inline9 | maxSpeed 33 -> requested 33 -> live 33
2026-09-21 16:01:55   record[5]=Vehicle.v_sportbike1_yaiba_kusanagi_inline10 | maxSpeed 46 -> requested 46 -> live 46
2026-09-21 16:01:55   record[6]=Vehicle.v_sportbike1_yaiba_kusanagi_inline11 | maxSpeed 60 -> requested 60 -> live 60
2026-09-21 16:01:55   record[7]=Vehicle.v_sportbike1_yaiba_kusanagi_inline12 | maxSpeed 76 -> requested 76 -> live 76
2026-09-21 16:01:55   record[8]=Vehicle.v_sportbike1_yaiba_kusanagi_inline13 | maxSpeed 90 -> requested 90 -> live 90
2026-09-21 16:01:59 VEHICLE Vehicle.v_sportbike1_yaiba_kusanagi_player_03 | engine=Vehicle.v_sportbike1_yaiba_kusanagi_inline5 | records=8
2026-09-21 16:01:59   record[1]=Vehicle.v_sportbike1_yaiba_kusanagi_inline6 | maxSpeed 3 -> requested 3 -> live 3
2026-09-21 16:01:59   record[2]=Vehicle.v_sportbike1_yaiba_kusanagi_inline7 | maxSpeed 12 -> requested 12 -> live 12
2026-09-21 16:01:59   record[3]=Vehicle.v_sportbike1_yaiba_kusanagi_inline8 | maxSpeed 21 -> requested 21 -> live 21
2026-09-21 16:01:59   record[4]=Vehicle.v_sportbike1_yaiba_kusanagi_inline9 | maxSpeed 33 -> requested 33 -> live 33
2026-09-21 16:01:59   record[5]=Vehicle.v_sportbike1_yaiba_kusanagi_inline10 | maxSpeed 46 -> requested 46 -> live 46
2026-09-21 16:01:59   record[6]=Vehicle.v_sportbike1_yaiba_kusanagi_inline11 | maxSpeed 60 -> requested 60 -> live 60
2026-09-21 16:01:59   record[7]=Vehicle.v_sportbike1_yaiba_kusanagi_inline12 | maxSpeed 76 -> requested 76 -> live 76
2026-09-21 16:01:59   record[8]=Vehicle.v_sportbike1_yaiba_kusanagi_inline13 | maxSpeed 90 -> requested 90 -> live 90
2026-09-21 16:02:06 VEHICLE Vehicle.v_sportbike1_yaiba_kusanagi_player_03 | engine=Vehicle.v_sportbike1_yaiba_kusanagi_inline5 | records=8
2026-09-21 16:02:06   record[1]=Vehicle.v_sportbike1_yaiba_kusanagi_inline6 | maxSpeed 3 -> requested 3 -> live 3
2026-09-21 16:02:06   record[2]=Vehicle.v_sportbike1_yaiba_kusanagi_inline7 | maxSpeed 12 -> requested 12 -> live 12
2026-09-21 16:02:06   record[3]=Vehicle.v_sportbike1_yaiba_kusanagi_inline8 | maxSpeed 21 -> requested 21 -> live 21
2026-09-21 16:02:06   record[4]=Vehicle.v_sportbike1_yaiba_kusanagi_inline9 | maxSpeed 33 -> requested 33 -> live 33
2026-09-21 16:02:06   record[5]=Vehicle.v_sportbike1_yaiba_kusanagi_inline10 | maxSpeed 46 -> requested 46 -> live 46
2026-09-21 16:02:06   record[6]=Vehicle.v_sportbike1_yaiba_kusanagi_inline11 | maxSpeed 60 -> requested 60 -> live 60
2026-09-21 16:02:06   record[7]=Vehicle.v_sportbike1_yaiba_kusanagi_inline12 | maxSpeed 76 -> requested 76 -> live 76
2026-09-21 16:02:06   record[8]=Vehicle.v_sportbike1_yaiba_kusanagi_inline13 | maxSpeed 90 -> requested 90 -> live 90
2026-09-21 16:02:57 VEHICLE Vehicle.v_sportbike1_yaiba_kusanagi_player_03 | engine=Vehicle.v_sportbike1_yaiba_kusanagi_inline5 | records=8
2026-09-21 16:02:57   record[1]=Vehicle.v_sportbike1_yaiba_kusanagi_inline6 | maxSpeed 3 -> requested 3 -> live 3
2026-09-21 16:02:57   record[2]=Vehicle.v_sportbike1_yaiba_kusanagi_inline7 | maxSpeed 12 -> requested 12 -> live 12
2026-09-21 16:02:57   record[3]=Vehicle.v_sportbike1_yaiba_kusanagi_inline8 | maxSpeed 21 -> requested 21 -> live 21
2026-09-21 16:02:57   record[4]=Vehicle.v_sportbike1_yaiba_kusanagi_inline9 | maxSpeed 33 -> requested 33 -> live 33
2026-09-21 16:02:57   record[5]=Vehicle.v_sportbike1_yaiba_kusanagi_inline10 | maxSpeed 46 -> requested 46 -> live 46
2026-09-21 16:02:57   record[6]=Vehicle.v_sportbike1_yaiba_kusanagi_inline11 | maxSpeed 60 -> requested 60 -> live 60
2026-09-21 16:02:57   record[7]=Vehicle.v_sportbike1_yaiba_kusanagi_inline12 | maxSpeed 76 -> requested 76 -> live 76
2026-09-21 16:02:57   record[8]=Vehicle.v_sportbike1_yaiba_kusanagi_inline13 | maxSpeed 90 -> requested 90 -> live 90
2026-09-21 16:02:59 VEHICLE Vehicle.v_sportbike1_yaiba_kusanagi_player_03 | engine=Vehicle.v_sportbike1_yaiba_kusanagi_inline5 | records=8
2026-09-21 16:02:59   record[1]=Vehicle.v_sportbike1_yaiba_kusanagi_inline6 | maxSpeed 3 -> requested 3 -> live 3
2026-09-21 16:02:59   record[2]=Vehicle.v_sportbike1_yaiba_kusanagi_inline7 | maxSpeed 12 -> requested 12 -> live 12
2026-09-21 16:02:59   record[3]=Vehicle.v_sportbike1_yaiba_kusanagi_inline8 | maxSpeed 21 -> requested 21 -> live 21
2026-09-21 16:02:59   record[4]=Vehicle.v_sportbike1_yaiba_kusanagi_inline9 | maxSpeed 33 -> requested 33 -> live 33
2026-09-21 16:02:59   record[5]=Vehicle.v_sportbike1_yaiba_kusanagi_inline10 | maxSpeed 46 -> requested 46 -> live 46
2026-09-21 16:02:59   record[6]=Vehicle.v_sportbike1_yaiba_kusanagi_inline11 | maxSpeed 60 -> requested 60 -> live 60
2026-09-21 16:02:59   record[7]=Vehicle.v_sportbike1_yaiba_kusanagi_inline12 | maxSpeed 76 -> requested 76 -> live 76
2026-09-21 16:02:59   record[8]=Vehicle.v_sportbike1_yaiba_kusanagi_inline13 | maxSpeed 90 -> requested 90 -> live 90
2026-09-21 16:03:00 VEHICLE Vehicle.v_sportbike1_yaiba_kusanagi_player_03 | engine=Vehicle.v_sportbike1_yaiba_kusanagi_inline5 | records=8
2026-09-21 16:03:00   record[1]=Vehicle.v_sportbike1_yaiba_kusanagi_inline6 | maxSpeed 3 -> requested 3 -> live 3
2026-09-21 16:03:00   record[2]=Vehicle.v_sportbike1_yaiba_kusanagi_inline7 | maxSpeed 12 -> requested 12 -> live 12
2026-09-21 16:03:00   record[3]=Vehicle.v_sportbike1_yaiba_kusanagi_inline8 | maxSpeed 21 -> requested 21 -> live 21
2026-09-21 16:03:00   record[4]=Vehicle.v_sportbike1_yaiba_kusanagi_inline9 | maxSpeed 33 -> requested 33 -> live 33
2026-09-21 16:03:00   record[5]=Vehicle.v_sportbike1_yaiba_kusanagi_inline10 | maxSpeed 46 -> requested 46 -> live 46
2026-09-21 16:03:00   record[6]=Vehicle.v_sportbike1_yaiba_kusanagi_inline11 | maxSpeed 60 -> requested 60 -> live 60
2026-09-21 16:03:00   record[7]=Vehicle.v_sportbike1_yaiba_kusanagi_inline12 | maxSpeed 76 -> requested 76 -> live 76
2026-09-21 16:03:00   record[8]=Vehicle.v_sportbike1_yaiba_kusanagi_inline13 | maxSpeed 90 -> requested 90 -> live 90
2026-09-21 16:03:38 VEHICLE Vehicle.v_sportbike1_yaiba_kusanagi_player_03 | engine=Vehicle.v_sportbike1_yaiba_kusanagi_inline5 | records=8
2026-09-21 16:03:38   record[1]=Vehicle.v_sportbike1_yaiba_kusanagi_inline6 | maxSpeed 3 -> requested 3 -> live 3
2026-09-21 16:03:38   record[2]=Vehicle.v_sportbike1_yaiba_kusanagi_inline7 | maxSpeed 12 -> requested 12 -> live 12
2026-09-21 16:03:38   record[3]=Vehicle.v_sportbike1_yaiba_kusanagi_inline8 | maxSpeed 21 -> requested 21 -> live 21
2026-09-21 16:03:38   record[4]=Vehicle.v_sportbike1_yaiba_kusanagi_inline9 | maxSpeed 33 -> requested 33 -> live 33
2026-09-21 16:03:38   record[5]=Vehicle.v_sportbike1_yaiba_kusanagi_inline10 | maxSpeed 46 -> requested 46 -> live 46
2026-09-21 16:03:38   record[6]=Vehicle.v_sportbike1_yaiba_kusanagi_inline11 | maxSpeed 60 -> requested 60 -> live 60
2026-09-21 16:03:38   record[7]=Vehicle.v_sportbike1_yaiba_kusanagi_inline12 | maxSpeed 76 -> requested 76 -> live 76
2026-09-21 16:03:38   record[8]=Vehicle.v_sportbike1_yaiba_kusanagi_inline13 | maxSpeed 90 -> requested 90 -> live 90
2026-09-21 16:03:38 VEHICLE Vehicle.v_sportbike1_yaiba_kusanagi_player_03 | engine=Vehicle.v_sportbike1_yaiba_kusanagi_inline5 | records=8
2026-09-21 16:03:38   record[1]=Vehicle.v_sportbike1_yaiba_kusanagi_inline6 | maxSpeed 3 -> requested 3 -> live 3
2026-09-21 16:03:38   record[2]=Vehicle.v_sportbike1_yaiba_kusanagi_inline7 | maxSpeed 12 -> requested 12 -> live 12
2026-09-21 16:03:38   record[3]=Vehicle.v_sportbike1_yaiba_kusanagi_inline8 | maxSpeed 21 -> requested 21 -> live 21
2026-09-21 16:03:38   record[4]=Vehicle.v_sportbike1_yaiba_kusanagi_inline9 | maxSpeed 33 -> requested 33 -> live 33
2026-09-21 16:03:38   record[5]=Vehicle.v_sportbike1_yaiba_kusanagi_inline10 | maxSpeed 46 -> requested 46 -> live 46
2026-09-21 16:03:38   record[6]=Vehicle.v_sportbike1_yaiba_kusanagi_inline11 | maxSpeed 60 -> requested 60 -> live 60
2026-09-21 16:03:38   record[7]=Vehicle.v_sportbike1_yaiba_kusanagi_inline12 | maxSpeed 76 -> requested 76 -> live 76
2026-09-21 16:03:38   record[8]=Vehicle.v_sportbike1_yaiba_kusanagi_inline13 | maxSpeed 90 -> requested 90 -> live 90
2026-09-21 16:03:39 VEHICLE Vehicle.v_sportbike1_yaiba_kusanagi_player_03 | engine=Vehicle.v_sportbike1_yaiba_kusanagi_inline5 | records=8
2026-09-21 16:03:39   record[1]=Vehicle.v_sportbike1_yaiba_kusanagi_inline6 | maxSpeed 3 -> requested 3 -> live 3
2026-09-21 16:03:39   record[2]=Vehicle.v_sportbike1_yaiba_kusanagi_inline7 | maxSpeed 12 -> requested 12 -> live 12
2026-09-21 16:03:39   record[3]=Vehicle.v_sportbike1_yaiba_kusanagi_inline8 | maxSpeed 21 -> requested 21 -> live 21
2026-09-21 16:03:39   record[4]=Vehicle.v_sportbike1_yaiba_kusanagi_inline9 | maxSpeed 33 -> requested 33 -> live 33
2026-09-21 16:03:39   record[5]=Vehicle.v_sportbike1_yaiba_kusanagi_inline10 | maxSpeed 46 -> requested 46 -> live 46
2026-09-21 16:03:39   record[6]=Vehicle.v_sportbike1_yaiba_kusanagi_inline11 | maxSpeed 60 -> requested 60 -> live 60
2026-09-21 16:03:39   record[7]=Vehicle.v_sportbike1_yaiba_kusanagi_inline12 | maxSpeed 76 -> requested 76 -> live 76
2026-09-21 16:03:39   record[8]=Vehicle.v_sportbike1_yaiba_kusanagi_inline13 | maxSpeed 90 -> requested 90 -> live 90
2026-09-21 16:03:39 VEHICLE Vehicle.v_sportbike1_yaiba_kusanagi_player_03 | engine=Vehicle.v_sportbike1_yaiba_kusanagi_inline5 | records=8
2026-09-21 16:03:39   record[1]=Vehicle.v_sportbike1_yaiba_kusanagi_inline6 | maxSpeed 3 -> requested 3 -> live 3
2026-09-21 16:03:39   record[2]=Vehicle.v_sportbike1_yaiba_kusanagi_inline7 | maxSpeed 12 -> requested 12 -> live 12
2026-09-21 16:03:39   record[3]=Vehicle.v_sportbike1_yaiba_kusanagi_inline8 | maxSpeed 21 -> requested 21 -> live 21
2026-09-21 16:03:39   record[4]=Vehicle.v_sportbike1_yaiba_kusanagi_inline9 | maxSpeed 33 -> requested 33 -> live 33
2026-09-21 16:03:39   record[5]=Vehicle.v_sportbike1_yaiba_kusanagi_inline10 | maxSpeed 46 -> requested 46 -> live 46
2026-09-21 16:03:39   record[6]=Vehicle.v_sportbike1_yaiba_kusanagi_inline11 | maxSpeed 60 -> requested 60 -> live 60
2026-09-21 16:03:39   record[7]=Vehicle.v_sportbike1_yaiba_kusanagi_inline12 | maxSpeed 76 -> requested 76 -> live 76
2026-09-21 16:03:39   record[8]=Vehicle.v_sportbike1_yaiba_kusanagi_inline13 | maxSpeed 90 -> requested 90 -> live 90
2026-09-21 16:03:42 VEHICLE Vehicle.v_sportbike1_yaiba_kusanagi_player_03 | engine=Vehicle.v_sportbike1_yaiba_kusanagi_inline5 | records=8
2026-09-21 16:03:42   record[1]=Vehicle.v_sportbike1_yaiba_kusanagi_inline6 | maxSpeed 3 -> requested 3 -> live 3
2026-09-21 16:03:42   record[2]=Vehicle.v_sportbike1_yaiba_kusanagi_inline7 | maxSpeed 12 -> requested 12 -> live 12
2026-09-21 16:03:42   record[3]=Vehicle.v_sportbike1_yaiba_kusanagi_inline8 | maxSpeed 21 -> requested 21 -> live 21
2026-09-21 16:03:42   record[4]=Vehicle.v_sportbike1_yaiba_kusanagi_inline9 | maxSpeed 33 -> requested 33 -> live 33
2026-09-21 16:03:42   record[5]=Vehicle.v_sportbike1_yaiba_kusanagi_inline10 | maxSpeed 46 -> requested 46 -> live 46
2026-09-21 16:03:42   record[6]=Vehicle.v_sportbike1_yaiba_kusanagi_inline11 | maxSpeed 60 -> requested 60 -> live 60
2026-09-21 16:03:42   record[7]=Vehicle.v_sportbike1_yaiba_kusanagi_inline12 | maxSpeed 76 -> requested 76 -> live 76
2026-09-21 16:03:42   record[8]=Vehicle.v_sportbike1_yaiba_kusanagi_inline13 | maxSpeed 90 -> requested 90 -> live 90
2026-09-21 16:03:42 VEHICLE Vehicle.v_sportbike1_yaiba_kusanagi_player_03 | engine=Vehicle.v_sportbike1_yaiba_kusanagi_inline5 | records=8
2026-09-21 16:03:42   record[1]=Vehicle.v_sportbike1_yaiba_kusanagi_inline6 | maxSpeed 3 -> requested 3 -> live 3
2026-09-21 16:03:42   record[2]=Vehicle.v_sportbike1_yaiba_kusanagi_inline7 | maxSpeed 12 -> requested 12 -> live 12
2026-09-21 16:03:42   record[3]=Vehicle.v_sportbike1_yaiba_kusanagi_inline8 | maxSpeed 21 -> requested 21 -> live 21
2026-09-21 16:03:42   record[4]=Vehicle.v_sportbike1_yaiba_kusanagi_inline9 | maxSpeed 33 -> requested 33 -> live 33
2026-09-21 16:03:42   record[5]=Vehicle.v_sportbike1_yaiba_kusanagi_inline10 | maxSpeed 46 -> requested 46 -> live 46
2026-09-21 16:03:42   record[6]=Vehicle.v_sportbike1_yaiba_kusanagi_inline11 | maxSpeed 60 -> requested 60 -> live 60
2026-09-21 16:03:42   record[7]=Vehicle.v_sportbike1_yaiba_kusanagi_inline12 | maxSpeed 76 -> requested 76 -> live 76
2026-09-21 16:03:42   record[8]=Vehicle.v_sportbike1_yaiba_kusanagi_inline13 | maxSpeed 90 -> requested 90 -> live 90
2026-09-21 16:03:43 VEHICLE Vehicle.v_sportbike1_yaiba_kusanagi_player_03 | engine=Vehicle.v_sportbike1_yaiba_kusanagi_inline5 | records=8
2026-09-21 16:03:43   record[1]=Vehicle.v_sportbike1_yaiba_kusanagi_inline6 | maxSpeed 3 -> requested 3 -> live 3
2026-09-21 16:03:43   record[2]=Vehicle.v_sportbike1_yaiba_kusanagi_inline7 | maxSpeed 12 -> requested 12 -> live 12
2026-09-21 16:03:43   record[3]=Vehicle.v_sportbike1_yaiba_kusanagi_inline8 | maxSpeed 21 -> requested 21 -> live 21
2026-09-21 16:03:43   record[4]=Vehicle.v_sportbike1_yaiba_kusanagi_inline9 | maxSpeed 33 -> requested 33 -> live 33
2026-09-21 16:03:43   record[5]=Vehicle.v_sportbike1_yaiba_kusanagi_inline10 | maxSpeed 46 -> requested 46 -> live 46
2026-09-21 16:03:43   record[6]=Vehicle.v_sportbike1_yaiba_kusanagi_inline11 | maxSpeed 60 -> requested 60 -> live 60
2026-09-21 16:03:43   record[7]=Vehicle.v_sportbike1_yaiba_kusanagi_inline12 | maxSpeed 76 -> requested 76 -> live 76
2026-09-21 16:03:43   record[8]=Vehicle.v_sportbike1_yaiba_kusanagi_inline13 | maxSpeed 90 -> requested 90 -> live 90
2026-09-21 16:04:28 VEHICLE Vehicle.v_sportbike1_yaiba_kusanagi_player_03 | engine=Vehicle.v_sportbike1_yaiba_kusanagi_inline5 | records=8
2026-09-21 16:04:28   record[1]=Vehicle.v_sportbike1_yaiba_kusanagi_inline6 | maxSpeed 3 -> requested 3 -> live 3
2026-09-21 16:04:28   record[2]=Vehicle.v_sportbike1_yaiba_kusanagi_inline7 | maxSpeed 12 -> requested 12 -> live 12
2026-09-21 16:04:28   record[3]=Vehicle.v_sportbike1_yaiba_kusanagi_inline8 | maxSpeed 21 -> requested 21 -> live 21
2026-09-21 16:04:28   record[4]=Vehicle.v_sportbike1_yaiba_kusanagi_inline9 | maxSpeed 33 -> requested 33 -> live 33
2026-09-21 16:04:28   record[5]=Vehicle.v_sportbike1_yaiba_kusanagi_inline10 | maxSpeed 46 -> requested 46 -> live 46
2026-09-21 16:04:28   record[6]=Vehicle.v_sportbike1_yaiba_kusanagi_inline11 | maxSpeed 60 -> requested 60 -> live 60
2026-09-21 16:04:28   record[7]=Vehicle.v_sportbike1_yaiba_kusanagi_inline12 | maxSpeed 76 -> requested 76 -> live 76
2026-09-21 16:04:28   record[8]=Vehicle.v_sportbike1_yaiba_kusanagi_inline13 | maxSpeed 90 -> requested 90 -> live 90
2026-09-21 16:04:29 VEHICLE Vehicle.v_sportbike1_yaiba_kusanagi_player_03 | engine=Vehicle.v_sportbike1_yaiba_kusanagi_inline5 | records=8
2026-09-21 16:04:29   record[1]=Vehicle.v_sportbike1_yaiba_kusanagi_inline6 | maxSpeed 3 -> requested 3 -> live 3
2026-09-21 16:04:29   record[2]=Vehicle.v_sportbike1_yaiba_kusanagi_inline7 | maxSpeed 12 -> requested 12 -> live 12
2026-09-21 16:04:29   record[3]=Vehicle.v_sportbike1_yaiba_kusanagi_inline8 | maxSpeed 21 -> requested 21 -> live 21
2026-09-21 16:04:29   record[4]=Vehicle.v_sportbike1_yaiba_kusanagi_inline9 | maxSpeed 33 -> requested 33 -> live 33
2026-09-21 16:04:29   record[5]=Vehicle.v_sportbike1_yaiba_kusanagi_inline10 | maxSpeed 46 -> requested 46 -> live 46
2026-09-21 16:04:29   record[6]=Vehicle.v_sportbike1_yaiba_kusanagi_inline11 | maxSpeed 60 -> requested 60 -> live 60
2026-09-21 16:04:29   record[7]=Vehicle.v_sportbike1_yaiba_kusanagi_inline12 | maxSpeed 76 -> requested 76 -> live 76
2026-09-21 16:04:29   record[8]=Vehicle.v_sportbike1_yaiba_kusanagi_inline13 | maxSpeed 90 -> requested 90 -> live 90
2026-09-21 16:04:31 VEHICLE Vehicle.v_sportbike1_yaiba_kusanagi_player_03 | engine=Vehicle.v_sportbike1_yaiba_kusanagi_inline5 | records=8
2026-09-21 16:04:31   record[1]=Vehicle.v_sportbike1_yaiba_kusanagi_inline6 | maxSpeed 3 -> requested 3 -> live 3
2026-09-21 16:04:31   record[2]=Vehicle.v_sportbike1_yaiba_kusanagi_inline7 | maxSpeed 12 -> requested 12 -> live 12
2026-09-21 16:04:31   record[3]=Vehicle.v_sportbike1_yaiba_kusanagi_inline8 | maxSpeed 21 -> requested 21 -> live 21
2026-09-21 16:04:31   record[4]=Vehicle.v_sportbike1_yaiba_kusanagi_inline9 | maxSpeed 33 -> requested 33 -> live 33
2026-09-21 16:04:31   record[5]=Vehicle.v_sportbike1_yaiba_kusanagi_inline10 | maxSpeed 46 -> requested 46 -> live 46
2026-09-21 16:04:31   record[6]=Vehicle.v_sportbike1_yaiba_kusanagi_inline11 | maxSpeed 60 -> requested 60 -> live 60
2026-09-21 16:04:31   record[7]=Vehicle.v_sportbike1_yaiba_kusanagi_inline12 | maxSpeed 76 -> requested 76 -> live 76
2026-09-21 16:04:31   record[8]=Vehicle.v_sportbike1_yaiba_kusanagi_inline13 | maxSpeed 90 -> requested 90 -> live 90
2026-09-21 16:04:32 VEHICLE Vehicle.v_sportbike1_yaiba_kusanagi_player_03 | engine=Vehicle.v_sportbike1_yaiba_kusanagi_inline5 | records=8
2026-09-21 16:04:32   record[1]=Vehicle.v_sportbike1_yaiba_kusanagi_inline6 | maxSpeed 3 -> requested 3 -> live 3
2026-09-21 16:04:32   record[2]=Vehicle.v_sportbike1_yaiba_kusanagi_inline7 | maxSpeed 12 -> requested 12 -> live 12
2026-09-21 16:04:32   record[3]=Vehicle.v_sportbike1_yaiba_kusanagi_inline8 | maxSpeed 21 -> requested 21 -> live 21
2026-09-21 16:04:32   record[4]=Vehicle.v_sportbike1_yaiba_kusanagi_inline9 | maxSpeed 33 -> requested 33 -> live 33
2026-09-21 16:04:32   record[5]=Vehicle.v_sportbike1_yaiba_kusanagi_inline10 | maxSpeed 46 -> requested 46 -> live 46
2026-09-21 16:04:32   record[6]=Vehicle.v_sportbike1_yaiba_kusanagi_inline11 | maxSpeed 60 -> requested 60 -> live 60
2026-09-21 16:04:32   record[7]=Vehicle.v_sportbike1_yaiba_kusanagi_inline12 | maxSpeed 76 -> requested 76 -> live 76
2026-09-21 16:04:32   record[8]=Vehicle.v_sportbike1_yaiba_kusanagi_inline13 | maxSpeed 90 -> requested 90 -> live 90
2026-09-21 16:04:34 VEHICLE Vehicle.v_sportbike1_yaiba_kusanagi_player_03 | engine=Vehicle.v_sportbike1_yaiba_kusanagi_inline5 | records=8
2026-09-21 16:04:34   record[1]=Vehicle.v_sportbike1_yaiba_kusanagi_inline6 | maxSpeed 3 -> requested 3 -> live 3
2026-09-21 16:04:34   record[2]=Vehicle.v_sportbike1_yaiba_kusanagi_inline7 | maxSpeed 12 -> requested 12 -> live 12
2026-09-21 16:04:34   record[3]=Vehicle.v_sportbike1_yaiba_kusanagi_inline8 | maxSpeed 21 -> requested 21 -> live 21
2026-09-21 16:04:34   record[4]=Vehicle.v_sportbike1_yaiba_kusanagi_inline9 | maxSpeed 33 -> requested 33 -> live 33
2026-09-21 16:04:34   record[5]=Vehicle.v_sportbike1_yaiba_kusanagi_inline10 | maxSpeed 46 -> requested 46 -> live 46
2026-09-21 16:04:34   record[6]=Vehicle.v_sportbike1_yaiba_kusanagi_inline11 | maxSpeed 60 -> requested 60 -> live 60
2026-09-21 16:04:34   record[7]=Vehicle.v_sportbike1_yaiba_kusanagi_inline12 | maxSpeed 76 -> requested 76 -> live 76
2026-09-21 16:04:34   record[8]=Vehicle.v_sportbike1_yaiba_kusanagi_inline13 | maxSpeed 90 -> requested 90 -> live 90
2026-09-21 16:04:35 VEHICLE Vehicle.v_sportbike1_yaiba_kusanagi_player_03 | engine=Vehicle.v_sportbike1_yaiba_kusanagi_inline5 | records=8
2026-09-21 16:04:35   record[1]=Vehicle.v_sportbike1_yaiba_kusanagi_inline6 | maxSpeed 3 -> requested 3 -> live 3
2026-09-21 16:04:35   record[2]=Vehicle.v_sportbike1_yaiba_kusanagi_inline7 | maxSpeed 12 -> requested 12 -> live 12
2026-09-21 16:04:35   record[3]=Vehicle.v_sportbike1_yaiba_kusanagi_inline8 | maxSpeed 21 -> requested 21 -> live 21
2026-09-21 16:04:35   record[4]=Vehicle.v_sportbike1_yaiba_kusanagi_inline9 | maxSpeed 33 -> requested 33 -> live 33
2026-09-21 16:04:35   record[5]=Vehicle.v_sportbike1_yaiba_kusanagi_inline10 | maxSpeed 46 -> requested 46 -> live 46
2026-09-21 16:04:35   record[6]=Vehicle.v_sportbike1_yaiba_kusanagi_inline11 | maxSpeed 60 -> requested 60 -> live 60
2026-09-21 16:04:35   record[7]=Vehicle.v_sportbike1_yaiba_kusanagi_inline12 | maxSpeed 76 -> requested 76 -> live 76
2026-09-21 16:04:35   record[8]=Vehicle.v_sportbike1_yaiba_kusanagi_inline13 | maxSpeed 90 -> requested 90 -> live 90
2026-09-21 16:04:46 VEHICLE Vehicle.v_sportbike1_yaiba_kusanagi_player_03 | engine=Vehicle.v_sportbike1_yaiba_kusanagi_inline5 | records=8
2026-09-21 16:04:46   record[1]=Vehicle.v_sportbike1_yaiba_kusanagi_inline6 | maxSpeed 3 -> requested 3 -> live 3
2026-09-21 16:04:46   record[2]=Vehicle.v_sportbike1_yaiba_kusanagi_inline7 | maxSpeed 12 -> requested 12 -> live 12
2026-09-21 16:04:46   record[3]=Vehicle.v_sportbike1_yaiba_kusanagi_inline8 | maxSpeed 21 -> requested 21 -> live 21
2026-09-21 16:04:46   record[4]=Vehicle.v_sportbike1_yaiba_kusanagi_inline9 | maxSpeed 33 -> requested 33 -> live 33
2026-09-21 16:04:46   record[5]=Vehicle.v_sportbike1_yaiba_kusanagi_inline10 | maxSpeed 46 -> requested 46 -> live 46
2026-09-21 16:04:46   record[6]=Vehicle.v_sportbike1_yaiba_kusanagi_inline11 | maxSpeed 60 -> requested 60 -> live 60
2026-09-21 16:04:46   record[7]=Vehicle.v_sportbike1_yaiba_kusanagi_inline12 | maxSpeed 76 -> requested 76 -> live 76
2026-09-21 16:04:46   record[8]=Vehicle.v_sportbike1_yaiba_kusanagi_inline13 | maxSpeed 90 -> requested 90 -> live 90
2026-09-21 16:05:45 VEHICLE Vehicle.v_sportbike1_yaiba_kusanagi_player_03 | engine=Vehicle.v_sportbike1_yaiba_kusanagi_inline5 | records=8
2026-09-21 16:05:45   record[1]=Vehicle.v_sportbike1_yaiba_kusanagi_inline6 | maxSpeed 3 -> requested 3 -> live 3
2026-09-21 16:05:45   record[2]=Vehicle.v_sportbike1_yaiba_kusanagi_inline7 | maxSpeed 12 -> requested 12 -> live 12
2026-09-21 16:05:45   record[3]=Vehicle.v_sportbike1_yaiba_kusanagi_inline8 | maxSpeed 21 -> requested 21 -> live 21
2026-09-21 16:05:45   record[4]=Vehicle.v_sportbike1_yaiba_kusanagi_inline9 | maxSpeed 33 -> requested 33 -> live 33
2026-09-21 16:05:45   record[5]=Vehicle.v_sportbike1_yaiba_kusanagi_inline10 | maxSpeed 46 -> requested 46 -> live 46
2026-09-21 16:05:45   record[6]=Vehicle.v_sportbike1_yaiba_kusanagi_inline11 | maxSpeed 60 -> requested 60 -> live 60
2026-09-21 16:05:45   record[7]=Vehicle.v_sportbike1_yaiba_kusanagi_inline12 | maxSpeed 76 -> requested 76 -> live 76
2026-09-21 16:05:45   record[8]=Vehicle.v_sportbike1_yaiba_kusanagi_inline13 | maxSpeed 90 -> requested 90 -> live 90
2026-09-21 16:06:59 VEHICLE Vehicle.v_sportbike1_yaiba_kusanagi_player_03 | engine=Vehicle.v_sportbike1_yaiba_kusanagi_inline5 | records=8
2026-09-21 16:06:59   record[1]=Vehicle.v_sportbike1_yaiba_kusanagi_inline6 | maxSpeed 3 -> requested 3 -> live 3
2026-09-21 16:06:59   record[2]=Vehicle.v_sportbike1_yaiba_kusanagi_inline7 | maxSpeed 12 -> requested 12 -> live 12
2026-09-21 16:06:59   record[3]=Vehicle.v_sportbike1_yaiba_kusanagi_inline8 | maxSpeed 21 -> requested 21 -> live 21
2026-09-21 16:06:59   record[4]=Vehicle.v_sportbike1_yaiba_kusanagi_inline9 | maxSpeed 33 -> requested 33 -> live 33
2026-09-21 16:06:59   record[5]=Vehicle.v_sportbike1_yaiba_kusanagi_inline10 | maxSpeed 46 -> requested 46 -> live 46
2026-09-21 16:06:59   record[6]=Vehicle.v_sportbike1_yaiba_kusanagi_inline11 | maxSpeed 60 -> requested 60 -> live 60
2026-09-21 16:06:59   record[7]=Vehicle.v_sportbike1_yaiba_kusanagi_inline12 | maxSpeed 76 -> requested 76 -> live 76
2026-09-21 16:06:59   record[8]=Vehicle.v_sportbike1_yaiba_kusanagi_inline13 | maxSpeed 90 -> requested 90 -> live 90
2026-09-21 16:07:00 VEHICLE Vehicle.v_sportbike1_yaiba_kusanagi_player_03 | engine=Vehicle.v_sportbike1_yaiba_kusanagi_inline5 | records=8
2026-09-21 16:07:00   record[1]=Vehicle.v_sportbike1_yaiba_kusanagi_inline6 | maxSpeed 3 -> requested 3 -> live 3
2026-09-21 16:07:00   record[2]=Vehicle.v_sportbike1_yaiba_kusanagi_inline7 | maxSpeed 12 -> requested 12 -> live 12
2026-09-21 16:07:00   record[3]=Vehicle.v_sportbike1_yaiba_kusanagi_inline8 | maxSpeed 21 -> requested 21 -> live 21
2026-09-21 16:07:00   record[4]=Vehicle.v_sportbike1_yaiba_kusanagi_inline9 | maxSpeed 33 -> requested 33 -> live 33
2026-09-21 16:07:00   record[5]=Vehicle.v_sportbike1_yaiba_kusanagi_inline10 | maxSpeed 46 -> requested 46 -> live 46
2026-09-21 16:07:00   record[6]=Vehicle.v_sportbike1_yaiba_kusanagi_inline11 | maxSpeed 60 -> requested 60 -> live 60
2026-09-21 16:07:00   record[7]=Vehicle.v_sportbike1_yaiba_kusanagi_inline12 | maxSpeed 76 -> requested 76 -> live 76
2026-09-21 16:07:00   record[8]=Vehicle.v_sportbike1_yaiba_kusanagi_inline13 | maxSpeed 90 -> requested 90 -> live 90
2026-09-21 16:07:02 VEHICLE Vehicle.v_sportbike1_yaiba_kusanagi_player_03 | engine=Vehicle.v_sportbike1_yaiba_kusanagi_inline5 | records=8
2026-09-21 16:07:02   record[1]=Vehicle.v_sportbike1_yaiba_kusanagi_inline6 | maxSpeed 3 -> requested 3 -> live 3
2026-09-21 16:07:02   record[2]=Vehicle.v_sportbike1_yaiba_kusanagi_inline7 | maxSpeed 12 -> requested 12 -> live 12
2026-09-21 16:07:02   record[3]=Vehicle.v_sportbike1_yaiba_kusanagi_inline8 | maxSpeed 21 -> requested 21 -> live 21
2026-09-21 16:07:02   record[4]=Vehicle.v_sportbike1_yaiba_kusanagi_inline9 | maxSpeed 33 -> requested 33 -> live 33
2026-09-21 16:07:02   record[5]=Vehicle.v_sportbike1_yaiba_kusanagi_inline10 | maxSpeed 46 -> requested 46 -> live 46
2026-09-21 16:07:02   record[6]=Vehicle.v_sportbike1_yaiba_kusanagi_inline11 | maxSpeed 60 -> requested 60 -> live 60
2026-09-21 16:07:02   record[7]=Vehicle.v_sportbike1_yaiba_kusanagi_inline12 | maxSpeed 76 -> requested 76 -> live 76
2026-09-21 16:07:02   record[8]=Vehicle.v_sportbike1_yaiba_kusanagi_inline13 | maxSpeed 90 -> requested 90 -> live 90
2026-09-21 16:07:35 VEHICLE Vehicle.v_sportbike1_yaiba_kusanagi_player_03 | engine=Vehicle.v_sportbike1_yaiba_kusanagi_inline5 | records=8
2026-09-21 16:07:35   record[1]=Vehicle.v_sportbike1_yaiba_kusanagi_inline6 | maxSpeed 3 -> requested 3 -> live 3
2026-09-21 16:07:35   record[2]=Vehicle.v_sportbike1_yaiba_kusanagi_inline7 | maxSpeed 12 -> requested 12 -> live 12
2026-09-21 16:07:35   record[3]=Vehicle.v_sportbike1_yaiba_kusanagi_inline8 | maxSpeed 21 -> requested 21 -> live 21
2026-09-21 16:07:35   record[4]=Vehicle.v_sportbike1_yaiba_kusanagi_inline9 | maxSpeed 33 -> requested 33 -> live 33
2026-09-21 16:07:35   record[5]=Vehicle.v_sportbike1_yaiba_kusanagi_inline10 | maxSpeed 46 -> requested 46 -> live 46
2026-09-21 16:07:35   record[6]=Vehicle.v_sportbike1_yaiba_kusanagi_inline11 | maxSpeed 60 -> requested 60 -> live 60
2026-09-21 16:07:35   record[7]=Vehicle.v_sportbike1_yaiba_kusanagi_inline12 | maxSpeed 76 -> requested 76 -> live 76
2026-09-21 16:07:35   record[8]=Vehicle.v_sportbike1_yaiba_kusanagi_inline13 | maxSpeed 90 -> requested 90 -> live 90
2026-09-21 16:07:44 VEHICLE Vehicle.v_sportbike1_yaiba_kusanagi_player_03 | engine=Vehicle.v_sportbike1_yaiba_kusanagi_inline5 | records=8
2026-09-21 16:07:44   record[1]=Vehicle.v_sportbike1_yaiba_kusanagi_inline6 | maxSpeed 3 -> requested 3 -> live 3
2026-09-21 16:07:44   record[2]=Vehicle.v_sportbike1_yaiba_kusanagi_inline7 | maxSpeed 12 -> requested 12 -> live 12
2026-09-21 16:07:44   record[3]=Vehicle.v_sportbike1_yaiba_kusanagi_inline8 | maxSpeed 21 -> requested 21 -> live 21
2026-09-21 16:07:44   record[4]=Vehicle.v_sportbike1_yaiba_kusanagi_inline9 | maxSpeed 33 -> requested 33 -> live 33
2026-09-21 16:07:44   record[5]=Vehicle.v_sportbike1_yaiba_kusanagi_inline10 | maxSpeed 46 -> requested 46 -> live 46
2026-09-21 16:07:44   record[6]=Vehicle.v_sportbike1_yaiba_kusanagi_inline11 | maxSpeed 60 -> requested 60 -> live 60
2026-09-21 16:07:44   record[7]=Vehicle.v_sportbike1_yaiba_kusanagi_inline12 | maxSpeed 76 -> requested 76 -> live 76
2026-09-21 16:07:44   record[8]=Vehicle.v_sportbike1_yaiba_kusanagi_inline13 | maxSpeed 90 -> requested 90 -> live 90
2026-09-21 16:07:45 VEHICLE Vehicle.v_sportbike1_yaiba_kusanagi_player_03 | engine=Vehicle.v_sportbike1_yaiba_kusanagi_inline5 | records=8
2026-09-21 16:07:45   record[1]=Vehicle.v_sportbike1_yaiba_kusanagi_inline6 | maxSpeed 3 -> requested 3 -> live 3
2026-09-21 16:07:45   record[2]=Vehicle.v_sportbike1_yaiba_kusanagi_inline7 | maxSpeed 12 -> requested 12 -> live 12
2026-09-21 16:07:45   record[3]=Vehicle.v_sportbike1_yaiba_kusanagi_inline8 | maxSpeed 21 -> requested 21 -> live 21
2026-09-21 16:07:45   record[4]=Vehicle.v_sportbike1_yaiba_kusanagi_inline9 | maxSpeed 33 -> requested 33 -> live 33
2026-09-21 16:07:45   record[5]=Vehicle.v_sportbike1_yaiba_kusanagi_inline10 | maxSpeed 46 -> requested 46 -> live 46
2026-09-21 16:07:45   record[6]=Vehicle.v_sportbike1_yaiba_kusanagi_inline11 | maxSpeed 60 -> requested 60 -> live 60
2026-09-21 16:07:45   record[7]=Vehicle.v_sportbike1_yaiba_kusanagi_inline12 | maxSpeed 76 -> requested 76 -> live 76
2026-09-21 16:07:45   record[8]=Vehicle.v_sportbike1_yaiba_kusanagi_inline13 | maxSpeed 90 -> requested 90 -> live 90
2026-09-21 16:09:09 VEHICLE Vehicle.v_sportbike1_yaiba_kusanagi_player_03 | engine=Vehicle.v_sportbike1_yaiba_kusanagi_inline5 | records=8
2026-09-21 16:09:09   record[1]=Vehicle.v_sportbike1_yaiba_kusanagi_inline6 | maxSpeed 3 -> requested 3 -> live 3
2026-09-21 16:09:09   record[2]=Vehicle.v_sportbike1_yaiba_kusanagi_inline7 | maxSpeed 12 -> requested 12 -> live 12
2026-09-21 16:09:09   record[3]=Vehicle.v_sportbike1_yaiba_kusanagi_inline8 | maxSpeed 21 -> requested 18 -> live 18
2026-09-21 16:09:09   record[4]=Vehicle.v_sportbike1_yaiba_kusanagi_inline9 | maxSpeed 33 -> requested 23.5 -> live 23.5
2026-09-21 16:09:09   record[5]=Vehicle.v_sportbike1_yaiba_kusanagi_inline10 | maxSpeed 46 -> requested 29 -> live 29
2026-09-21 16:09:09   record[6]=Vehicle.v_sportbike1_yaiba_kusanagi_inline11 | maxSpeed 60 -> requested 33 -> live 33
2026-09-21 16:09:09   record[7]=Vehicle.v_sportbike1_yaiba_kusanagi_inline12 | maxSpeed 76 -> requested 36 -> live 36
2026-09-21 16:09:09   record[8]=Vehicle.v_sportbike1_yaiba_kusanagi_inline13 | maxSpeed 90 -> requested 42 -> live 42
2026-09-21 16:09:46 VEHICLE Vehicle.v_sportbike1_yaiba_kusanagi_player_03 | engine=Vehicle.v_sportbike1_yaiba_kusanagi_inline5 | records=8
2026-09-21 16:09:46   record[1]=Vehicle.v_sportbike1_yaiba_kusanagi_inline6 | maxSpeed 3 -> requested 3 -> live 3
2026-09-21 16:09:46   record[2]=Vehicle.v_sportbike1_yaiba_kusanagi_inline7 | maxSpeed 12 -> requested 12 -> live 12
2026-09-21 16:09:46   record[3]=Vehicle.v_sportbike1_yaiba_kusanagi_inline8 | maxSpeed 18 -> requested 21 -> live 21
2026-09-21 16:09:46   record[4]=Vehicle.v_sportbike1_yaiba_kusanagi_inline9 | maxSpeed 23.5 -> requested 33 -> live 33
2026-09-21 16:09:46   record[5]=Vehicle.v_sportbike1_yaiba_kusanagi_inline10 | maxSpeed 29 -> requested 46 -> live 46
2026-09-21 16:09:46   record[6]=Vehicle.v_sportbike1_yaiba_kusanagi_inline11 | maxSpeed 33 -> requested 60 -> live 60
2026-09-21 16:09:46   record[7]=Vehicle.v_sportbike1_yaiba_kusanagi_inline12 | maxSpeed 36 -> requested 76 -> live 76
2026-09-21 16:09:46   record[8]=Vehicle.v_sportbike1_yaiba_kusanagi_inline13 | maxSpeed 42 -> requested 90 -> live 90
2026-09-21 16:10:54 VEHICLE Vehicle.v_sportbike1_yaiba_kusanagi_player_03 | engine=Vehicle.v_sportbike1_yaiba_kusanagi_inline5 | records=8
2026-09-21 16:10:54   record[1]=Vehicle.v_sportbike1_yaiba_kusanagi_inline6 | maxSpeed 3 -> requested 3 -> live 3
2026-09-21 16:10:54   record[2]=Vehicle.v_sportbike1_yaiba_kusanagi_inline7 | maxSpeed 12 -> requested 12 -> live 12
2026-09-21 16:10:54   record[3]=Vehicle.v_sportbike1_yaiba_kusanagi_inline8 | maxSpeed 21 -> requested 21 -> live 21
2026-09-21 16:10:54   record[4]=Vehicle.v_sportbike1_yaiba_kusanagi_inline9 | maxSpeed 33 -> requested 33 -> live 33
2026-09-21 16:10:54   record[5]=Vehicle.v_sportbike1_yaiba_kusanagi_inline10 | maxSpeed 46 -> requested 46 -> live 46
2026-09-21 16:10:54   record[6]=Vehicle.v_sportbike1_yaiba_kusanagi_inline11 | maxSpeed 60 -> requested 60 -> live 60
2026-09-21 16:10:54   record[7]=Vehicle.v_sportbike1_yaiba_kusanagi_inline12 | maxSpeed 76 -> requested 76 -> live 76
2026-09-21 16:10:54   record[8]=Vehicle.v_sportbike1_yaiba_kusanagi_inline13 | maxSpeed 90 -> requested 90 -> live 90
2026-09-21 16:10:57 VEHICLE Vehicle.v_sportbike1_yaiba_kusanagi_player_03 | engine=Vehicle.v_sportbike1_yaiba_kusanagi_inline5 | records=8
2026-09-21 16:10:57   record[1]=Vehicle.v_sportbike1_yaiba_kusanagi_inline6 | maxSpeed 3 -> requested 3 -> live 3
2026-09-21 16:10:57   record[2]=Vehicle.v_sportbike1_yaiba_kusanagi_inline7 | maxSpeed 12 -> requested 12 -> live 12
2026-09-21 16:10:57   record[3]=Vehicle.v_sportbike1_yaiba_kusanagi_inline8 | maxSpeed 21 -> requested 21 -> live 21
2026-09-21 16:10:57   record[4]=Vehicle.v_sportbike1_yaiba_kusanagi_inline9 | maxSpeed 33 -> requested 33 -> live 33
2026-09-21 16:10:57   record[5]=Vehicle.v_sportbike1_yaiba_kusanagi_inline10 | maxSpeed 46 -> requested 46 -> live 46
2026-09-21 16:10:57   record[6]=Vehicle.v_sportbike1_yaiba_kusanagi_inline11 | maxSpeed 60 -> requested 60 -> live 60
2026-09-21 16:10:57   record[7]=Vehicle.v_sportbike1_yaiba_kusanagi_inline12 | maxSpeed 76 -> requested 76 -> live 76
2026-09-21 16:10:57   record[8]=Vehicle.v_sportbike1_yaiba_kusanagi_inline13 | maxSpeed 90 -> requested 90 -> live 90
2026-09-21 16:10:59 VEHICLE Vehicle.v_sportbike1_yaiba_kusanagi_player_03 | engine=Vehicle.v_sportbike1_yaiba_kusanagi_inline5 | records=8
2026-09-21 16:10:59   record[1]=Vehicle.v_sportbike1_yaiba_kusanagi_inline6 | maxSpeed 3 -> requested 3 -> live 3
2026-09-21 16:10:59   record[2]=Vehicle.v_sportbike1_yaiba_kusanagi_inline7 | maxSpeed 12 -> requested 12 -> live 12
2026-09-21 16:10:59   record[3]=Vehicle.v_sportbike1_yaiba_kusanagi_inline8 | maxSpeed 21 -> requested 21 -> live 21
2026-09-21 16:10:59   record[4]=Vehicle.v_sportbike1_yaiba_kusanagi_inline9 | maxSpeed 33 -> requested 33 -> live 33
2026-09-21 16:10:59   record[5]=Vehicle.v_sportbike1_yaiba_kusanagi_inline10 | maxSpeed 46 -> requested 46 -> live 46
2026-09-21 16:10:59   record[6]=Vehicle.v_sportbike1_yaiba_kusanagi_inline11 | maxSpeed 60 -> requested 60 -> live 60
2026-09-21 16:10:59   record[7]=Vehicle.v_sportbike1_yaiba_kusanagi_inline12 | maxSpeed 76 -> requested 76 -> live 76
2026-09-21 16:10:59   record[8]=Vehicle.v_sportbike1_yaiba_kusanagi_inline13 | maxSpeed 90 -> requested 90 -> live 90
2026-09-21 16:11:24 VEHICLE Vehicle.v_sportbike1_yaiba_kusanagi_player_03 | engine=Vehicle.v_sportbike1_yaiba_kusanagi_inline5 | records=8
2026-09-21 16:11:24   record[1]=Vehicle.v_sportbike1_yaiba_kusanagi_inline6 | maxSpeed 3 -> requested 3 -> live 3
2026-09-21 16:11:24   record[2]=Vehicle.v_sportbike1_yaiba_kusanagi_inline7 | maxSpeed 12 -> requested 12 -> live 12
2026-09-21 16:11:24   record[3]=Vehicle.v_sportbike1_yaiba_kusanagi_inline8 | maxSpeed 21 -> requested 21 -> live 21
2026-09-21 16:11:24   record[4]=Vehicle.v_sportbike1_yaiba_kusanagi_inline9 | maxSpeed 33 -> requested 33 -> live 33
2026-09-21 16:11:24   record[5]=Vehicle.v_sportbike1_yaiba_kusanagi_inline10 | maxSpeed 46 -> requested 46 -> live 46
2026-09-21 16:11:24   record[6]=Vehicle.v_sportbike1_yaiba_kusanagi_inline11 | maxSpeed 60 -> requested 60 -> live 60
2026-09-21 16:11:24   record[7]=Vehicle.v_sportbike1_yaiba_kusanagi_inline12 | maxSpeed 76 -> requested 76 -> live 76
2026-09-21 16:11:24   record[8]=Vehicle.v_sportbike1_yaiba_kusanagi_inline13 | maxSpeed 90 -> requested 90 -> live 90
2026-09-21 16:11:30 VEHICLE Vehicle.v_sportbike1_yaiba_kusanagi_player_03 | engine=Vehicle.v_sportbike1_yaiba_kusanagi_inline5 | records=8
2026-09-21 16:11:30   record[1]=Vehicle.v_sportbike1_yaiba_kusanagi_inline6 | maxSpeed 3 -> requested 3 -> live 3
2026-09-21 16:11:30   record[2]=Vehicle.v_sportbike1_yaiba_kusanagi_inline7 | maxSpeed 12 -> requested 12 -> live 12
2026-09-21 16:11:30   record[3]=Vehicle.v_sportbike1_yaiba_kusanagi_inline8 | maxSpeed 21 -> requested 21 -> live 21
2026-09-21 16:11:30   record[4]=Vehicle.v_sportbike1_yaiba_kusanagi_inline9 | maxSpeed 33 -> requested 33 -> live 33
2026-09-21 16:11:30   record[5]=Vehicle.v_sportbike1_yaiba_kusanagi_inline10 | maxSpeed 46 -> requested 46 -> live 46
2026-09-21 16:11:30   record[6]=Vehicle.v_sportbike1_yaiba_kusanagi_inline11 | maxSpeed 60 -> requested 60 -> live 60
2026-09-21 16:11:30   record[7]=Vehicle.v_sportbike1_yaiba_kusanagi_inline12 | maxSpeed 76 -> requested 76 -> live 76
2026-09-21 16:11:30   record[8]=Vehicle.v_sportbike1_yaiba_kusanagi_inline13 | maxSpeed 90 -> requested 90 -> live 90
2026-09-21 16:11:43 VEHICLE Vehicle.v_sportbike2_arch_jackie_player | engine=Vehicle.VehicleEngineData_Arch | records=7
2026-09-21 16:11:43   record[1]=Vehicle.VehicleEngineData_Arch_inline0 | maxSpeed 3 -> requested 3 -> live 3 | PREVIOUS_WRITER=Vehicle.v_sportbike2_arch_linas_player
2026-09-21 16:11:43   record[2]=Vehicle.VehicleEngineData_Arch_inline1 | maxSpeed 12 -> requested 12 -> live 12 | PREVIOUS_WRITER=Vehicle.v_sportbike2_arch_linas_player
2026-09-21 16:11:43   record[3]=Vehicle.VehicleEngineData_Arch_inline2 | maxSpeed 20.879999160767 -> requested 21.24 -> live 21.239999771118 | PREVIOUS_WRITER=Vehicle.v_sportbike2_arch_linas_player
2026-09-21 16:11:43   record[4]=Vehicle.VehicleEngineData_Arch_inline3 | maxSpeed 30.739999771118 -> requested 31.27 -> live 31.270000457764 | PREVIOUS_WRITER=Vehicle.v_sportbike2_arch_linas_player
2026-09-21 16:11:43   record[5]=Vehicle.VehicleEngineData_Arch_inline4 | maxSpeed 40.020000457764 -> requested 40.71 -> live 40.709999084473 | PREVIOUS_WRITER=Vehicle.v_sportbike2_arch_linas_player
2026-09-21 16:11:43   record[6]=Vehicle.VehicleEngineData_Arch_inline5 | maxSpeed 49.880001068115 -> requested 50.74 -> live 50.740001678467 | PREVIOUS_WRITER=Vehicle.v_sportbike2_arch_linas_player
2026-09-21 16:11:43   record[7]=Vehicle.VehicleEngineData_Arch_inline6 | maxSpeed 58 -> requested 59 -> live 59 | PREVIOUS_WRITER=Vehicle.v_sportbike2_arch_linas_player
2026-09-21 16:13:54 VEHICLE Vehicle.v_sportbike2_arch_jackie_player | engine=Vehicle.VehicleEngineData_Arch | records=7
2026-09-21 16:13:54   record[1]=Vehicle.VehicleEngineData_Arch_inline0 | maxSpeed 3 -> requested 3 -> live 3
2026-09-21 16:13:54   record[2]=Vehicle.VehicleEngineData_Arch_inline1 | maxSpeed 12 -> requested 12 -> live 12
2026-09-21 16:13:54   record[3]=Vehicle.VehicleEngineData_Arch_inline2 | maxSpeed 21.239999771118 -> requested 21.24 -> live 21.239999771118
2026-09-21 16:13:54   record[4]=Vehicle.VehicleEngineData_Arch_inline3 | maxSpeed 31.270000457764 -> requested 31.27 -> live 31.270000457764
2026-09-21 16:13:54   record[5]=Vehicle.VehicleEngineData_Arch_inline4 | maxSpeed 40.709999084473 -> requested 40.71 -> live 40.709999084473
2026-09-21 16:13:54   record[6]=Vehicle.VehicleEngineData_Arch_inline5 | maxSpeed 50.740001678467 -> requested 50.74 -> live 50.740001678467
2026-09-21 16:13:54   record[7]=Vehicle.VehicleEngineData_Arch_inline6 | maxSpeed 59 -> requested 59 -> live 59
2026-09-21 16:13:56 VEHICLE Vehicle.v_sportbike2_arch_jackie_player | engine=Vehicle.VehicleEngineData_Arch | records=7
2026-09-21 16:13:56   record[1]=Vehicle.VehicleEngineData_Arch_inline0 | maxSpeed 3 -> requested 3 -> live 3
2026-09-21 16:13:56   record[2]=Vehicle.VehicleEngineData_Arch_inline1 | maxSpeed 12 -> requested 12 -> live 12
2026-09-21 16:13:56   record[3]=Vehicle.VehicleEngineData_Arch_inline2 | maxSpeed 21.239999771118 -> requested 21.24 -> live 21.239999771118
2026-09-21 16:13:56   record[4]=Vehicle.VehicleEngineData_Arch_inline3 | maxSpeed 31.270000457764 -> requested 31.27 -> live 31.270000457764
2026-09-21 16:13:56   record[5]=Vehicle.VehicleEngineData_Arch_inline4 | maxSpeed 40.709999084473 -> requested 40.71 -> live 40.709999084473
2026-09-21 16:13:56   record[6]=Vehicle.VehicleEngineData_Arch_inline5 | maxSpeed 50.740001678467 -> requested 50.74 -> live 50.740001678467
2026-09-21 16:13:56   record[7]=Vehicle.VehicleEngineData_Arch_inline6 | maxSpeed 59 -> requested 59 -> live 59
2026-09-21 16:14:49 VEHICLE Vehicle.v_sportbike2_arch_jackie_player | engine=Vehicle.VehicleEngineData_Arch | records=7
2026-09-21 16:14:49   record[1]=Vehicle.VehicleEngineData_Arch_inline0 | maxSpeed 3 -> requested 3 -> live 3
2026-09-21 16:14:49   record[2]=Vehicle.VehicleEngineData_Arch_inline1 | maxSpeed 12 -> requested 12 -> live 12
2026-09-21 16:14:49   record[3]=Vehicle.VehicleEngineData_Arch_inline2 | maxSpeed 21.239999771118 -> requested 21.24 -> live 21.239999771118
2026-09-21 16:14:49   record[4]=Vehicle.VehicleEngineData_Arch_inline3 | maxSpeed 31.270000457764 -> requested 31.27 -> live 31.270000457764
2026-09-21 16:14:49   record[5]=Vehicle.VehicleEngineData_Arch_inline4 | maxSpeed 40.709999084473 -> requested 40.71 -> live 40.709999084473
2026-09-21 16:14:49   record[6]=Vehicle.VehicleEngineData_Arch_inline5 | maxSpeed 50.740001678467 -> requested 50.74 -> live 50.740001678467
2026-09-21 16:14:49   record[7]=Vehicle.VehicleEngineData_Arch_inline6 | maxSpeed 59 -> requested 59 -> live 59
2026-09-21 16:14:51 VEHICLE Vehicle.v_sportbike2_arch_jackie_player | engine=Vehicle.VehicleEngineData_Arch | records=7
2026-09-21 16:14:51   record[1]=Vehicle.VehicleEngineData_Arch_inline0 | maxSpeed 3 -> requested 3 -> live 3
2026-09-21 16:14:51   record[2]=Vehicle.VehicleEngineData_Arch_inline1 | maxSpeed 12 -> requested 12 -> live 12
2026-09-21 16:14:51   record[3]=Vehicle.VehicleEngineData_Arch_inline2 | maxSpeed 21.239999771118 -> requested 21.24 -> live 21.239999771118
2026-09-21 16:14:51   record[4]=Vehicle.VehicleEngineData_Arch_inline3 | maxSpeed 31.270000457764 -> requested 31.27 -> live 31.270000457764
2026-09-21 16:14:51   record[5]=Vehicle.VehicleEngineData_Arch_inline4 | maxSpeed 40.709999084473 -> requested 40.71 -> live 40.709999084473
2026-09-21 16:14:51   record[6]=Vehicle.VehicleEngineData_Arch_inline5 | maxSpeed 50.740001678467 -> requested 50.74 -> live 50.740001678467
2026-09-21 16:14:51   record[7]=Vehicle.VehicleEngineData_Arch_inline6 | maxSpeed 59 -> requested 59 -> live 59
2026-09-21 16:14:56 VEHICLE Vehicle.v_sportbike2_arch_jackie_player | engine=Vehicle.VehicleEngineData_Arch | records=7
2026-09-21 16:14:56   record[1]=Vehicle.VehicleEngineData_Arch_inline0 | maxSpeed 3 -> requested 3 -> live 3
2026-09-21 16:14:56   record[2]=Vehicle.VehicleEngineData_Arch_inline1 | maxSpeed 12 -> requested 12 -> live 12
2026-09-21 16:14:56   record[3]=Vehicle.VehicleEngineData_Arch_inline2 | maxSpeed 21.239999771118 -> requested 21.24 -> live 21.239999771118
2026-09-21 16:14:56   record[4]=Vehicle.VehicleEngineData_Arch_inline3 | maxSpeed 31.270000457764 -> requested 31.27 -> live 31.270000457764
2026-09-21 16:14:56   record[5]=Vehicle.VehicleEngineData_Arch_inline4 | maxSpeed 40.709999084473 -> requested 40.71 -> live 40.709999084473
2026-09-21 16:14:56   record[6]=Vehicle.VehicleEngineData_Arch_inline5 | maxSpeed 50.740001678467 -> requested 50.74 -> live 50.740001678467
2026-09-21 16:14:56   record[7]=Vehicle.VehicleEngineData_Arch_inline6 | maxSpeed 59 -> requested 59 -> live 59
2026-09-21 16:14:58 VEHICLE Vehicle.v_sportbike2_arch_jackie_player | engine=Vehicle.VehicleEngineData_Arch | records=7
2026-09-21 16:14:58   record[1]=Vehicle.VehicleEngineData_Arch_inline0 | maxSpeed 3 -> requested 3 -> live 3
2026-09-21 16:14:58   record[2]=Vehicle.VehicleEngineData_Arch_inline1 | maxSpeed 12 -> requested 12 -> live 12
2026-09-21 16:14:58   record[3]=Vehicle.VehicleEngineData_Arch_inline2 | maxSpeed 21.239999771118 -> requested 21.24 -> live 21.239999771118
2026-09-21 16:14:58   record[4]=Vehicle.VehicleEngineData_Arch_inline3 | maxSpeed 31.270000457764 -> requested 31.27 -> live 31.270000457764
2026-09-21 16:14:58   record[5]=Vehicle.VehicleEngineData_Arch_inline4 | maxSpeed 40.709999084473 -> requested 40.71 -> live 40.709999084473
2026-09-21 16:14:58   record[6]=Vehicle.VehicleEngineData_Arch_inline5 | maxSpeed 50.740001678467 -> requested 50.74 -> live 50.740001678467
2026-09-21 16:14:58   record[7]=Vehicle.VehicleEngineData_Arch_inline6 | maxSpeed 59 -> requested 59 -> live 59
2026-09-21 16:16:04 VEHICLE Vehicle.v_sportbike2_arch_jackie_player | engine=Vehicle.VehicleEngineData_Arch | records=7
2026-09-21 16:16:04   record[1]=Vehicle.VehicleEngineData_Arch_inline0 | maxSpeed 3 -> requested 3 -> live 3
2026-09-21 16:16:04   record[2]=Vehicle.VehicleEngineData_Arch_inline1 | maxSpeed 12 -> requested 12 -> live 12
2026-09-21 16:16:04   record[3]=Vehicle.VehicleEngineData_Arch_inline2 | maxSpeed 21.239999771118 -> requested 21.24 -> live 21.239999771118
2026-09-21 16:16:04   record[4]=Vehicle.VehicleEngineData_Arch_inline3 | maxSpeed 31.270000457764 -> requested 31.27 -> live 31.270000457764
2026-09-21 16:16:04   record[5]=Vehicle.VehicleEngineData_Arch_inline4 | maxSpeed 40.709999084473 -> requested 40.71 -> live 40.709999084473
2026-09-21 16:16:04   record[6]=Vehicle.VehicleEngineData_Arch_inline5 | maxSpeed 50.740001678467 -> requested 50.74 -> live 50.740001678467
2026-09-21 16:16:04   record[7]=Vehicle.VehicleEngineData_Arch_inline6 | maxSpeed 59 -> requested 59 -> live 59
2026-09-21 16:16:06 VEHICLE Vehicle.v_sportbike2_arch_jackie_player | engine=Vehicle.VehicleEngineData_Arch | records=7
2026-09-21 16:16:06   record[1]=Vehicle.VehicleEngineData_Arch_inline0 | maxSpeed 3 -> requested 3 -> live 3
2026-09-21 16:16:06   record[2]=Vehicle.VehicleEngineData_Arch_inline1 | maxSpeed 12 -> requested 12 -> live 12
2026-09-21 16:16:06   record[3]=Vehicle.VehicleEngineData_Arch_inline2 | maxSpeed 21.239999771118 -> requested 21.24 -> live 21.239999771118
2026-09-21 16:16:06   record[4]=Vehicle.VehicleEngineData_Arch_inline3 | maxSpeed 31.270000457764 -> requested 31.27 -> live 31.270000457764
2026-09-21 16:16:06   record[5]=Vehicle.VehicleEngineData_Arch_inline4 | maxSpeed 40.709999084473 -> requested 40.71 -> live 40.709999084473
2026-09-21 16:16:06   record[6]=Vehicle.VehicleEngineData_Arch_inline5 | maxSpeed 50.740001678467 -> requested 50.74 -> live 50.740001678467
2026-09-21 16:16:06   record[7]=Vehicle.VehicleEngineData_Arch_inline6 | maxSpeed 59 -> requested 59 -> live 59
2026-09-21 16:16:07 VEHICLE Vehicle.v_sportbike2_arch_jackie_player | engine=Vehicle.VehicleEngineData_Arch | records=7
2026-09-21 16:16:07   record[1]=Vehicle.VehicleEngineData_Arch_inline0 | maxSpeed 3 -> requested 3 -> live 3
2026-09-21 16:16:07   record[2]=Vehicle.VehicleEngineData_Arch_inline1 | maxSpeed 12 -> requested 12 -> live 12
2026-09-21 16:16:07   record[3]=Vehicle.VehicleEngineData_Arch_inline2 | maxSpeed 21.239999771118 -> requested 21.24 -> live 21.239999771118
2026-09-21 16:16:07   record[4]=Vehicle.VehicleEngineData_Arch_inline3 | maxSpeed 31.270000457764 -> requested 31.27 -> live 31.270000457764
2026-09-21 16:16:07   record[5]=Vehicle.VehicleEngineData_Arch_inline4 | maxSpeed 40.709999084473 -> requested 40.71 -> live 40.709999084473
2026-09-21 16:16:07   record[6]=Vehicle.VehicleEngineData_Arch_inline5 | maxSpeed 50.740001678467 -> requested 50.74 -> live 50.740001678467
2026-09-21 16:16:07   record[7]=Vehicle.VehicleEngineData_Arch_inline6 | maxSpeed 59 -> requested 59 -> live 59
2026-09-21 16:16:07 VEHICLE Vehicle.v_sportbike2_arch_jackie_player | engine=Vehicle.VehicleEngineData_Arch | records=7
2026-09-21 16:16:07   record[1]=Vehicle.VehicleEngineData_Arch_inline0 | maxSpeed 3 -> requested 3 -> live 3
2026-09-21 16:16:07   record[2]=Vehicle.VehicleEngineData_Arch_inline1 | maxSpeed 12 -> requested 12 -> live 12
2026-09-21 16:16:07   record[3]=Vehicle.VehicleEngineData_Arch_inline2 | maxSpeed 21.239999771118 -> requested 21.24 -> live 21.239999771118
2026-09-21 16:16:07   record[4]=Vehicle.VehicleEngineData_Arch_inline3 | maxSpeed 31.270000457764 -> requested 31.27 -> live 31.270000457764
2026-09-21 16:16:07   record[5]=Vehicle.VehicleEngineData_Arch_inline4 | maxSpeed 40.709999084473 -> requested 40.71 -> live 40.709999084473
2026-09-21 16:16:07   record[6]=Vehicle.VehicleEngineData_Arch_inline5 | maxSpeed 50.740001678467 -> requested 50.74 -> live 50.740001678467
2026-09-21 16:16:07   record[7]=Vehicle.VehicleEngineData_Arch_inline6 | maxSpeed 59 -> requested 59 -> live 59
2026-09-21 16:16:10 VEHICLE Vehicle.v_sportbike2_arch_jackie_player | engine=Vehicle.VehicleEngineData_Arch | records=7
2026-09-21 16:16:10   record[1]=Vehicle.VehicleEngineData_Arch_inline0 | maxSpeed 3 -> requested 3 -> live 3
2026-09-21 16:16:10   record[2]=Vehicle.VehicleEngineData_Arch_inline1 | maxSpeed 12 -> requested 12 -> live 12
2026-09-21 16:16:10   record[3]=Vehicle.VehicleEngineData_Arch_inline2 | maxSpeed 21.239999771118 -> requested 21.24 -> live 21.239999771118
2026-09-21 16:16:10   record[4]=Vehicle.VehicleEngineData_Arch_inline3 | maxSpeed 31.270000457764 -> requested 31.27 -> live 31.270000457764
2026-09-21 16:16:10   record[5]=Vehicle.VehicleEngineData_Arch_inline4 | maxSpeed 40.709999084473 -> requested 40.71 -> live 40.709999084473
2026-09-21 16:16:10   record[6]=Vehicle.VehicleEngineData_Arch_inline5 | maxSpeed 50.740001678467 -> requested 50.74 -> live 50.740001678467
2026-09-21 16:16:10   record[7]=Vehicle.VehicleEngineData_Arch_inline6 | maxSpeed 59 -> requested 59 -> live 59
2026-09-21 16:16:11 VEHICLE Vehicle.v_sportbike2_arch_jackie_player | engine=Vehicle.VehicleEngineData_Arch | records=7
2026-09-21 16:16:11   record[1]=Vehicle.VehicleEngineData_Arch_inline0 | maxSpeed 3 -> requested 3 -> live 3
2026-09-21 16:16:11   record[2]=Vehicle.VehicleEngineData_Arch_inline1 | maxSpeed 12 -> requested 12 -> live 12
2026-09-21 16:16:11   record[3]=Vehicle.VehicleEngineData_Arch_inline2 | maxSpeed 21.239999771118 -> requested 21.24 -> live 21.239999771118
2026-09-21 16:16:11   record[4]=Vehicle.VehicleEngineData_Arch_inline3 | maxSpeed 31.270000457764 -> requested 31.27 -> live 31.270000457764
2026-09-21 16:16:11   record[5]=Vehicle.VehicleEngineData_Arch_inline4 | maxSpeed 40.709999084473 -> requested 40.71 -> live 40.709999084473
2026-09-21 16:16:11   record[6]=Vehicle.VehicleEngineData_Arch_inline5 | maxSpeed 50.740001678467 -> requested 50.74 -> live 50.740001678467
2026-09-21 16:16:11   record[7]=Vehicle.VehicleEngineData_Arch_inline6 | maxSpeed 59 -> requested 59 -> live 59
2026-09-21 16:17:16 VEHICLE Vehicle.v_sportbike3_brennan_apollo_player | engine=Vehicle.VehicleEngineData_2_Default | records=7
2026-09-21 16:17:16   record[1]=Vehicle.VehicleEngineData_2_Default_inline0 | maxSpeed 3 -> requested 3 -> live 3 | PREVIOUS_WRITER=Vehicle.v_sportbike3_brennan_apollo_player_02
2026-09-21 16:17:16   record[2]=Vehicle.VehicleEngineData_2_Default_inline1 | maxSpeed 9 -> requested 8 -> live 8 | PREVIOUS_WRITER=Vehicle.v_sportbike3_brennan_apollo_player_02
2026-09-21 16:17:16   record[3]=Vehicle.VehicleEngineData_2_Default_inline2 | maxSpeed 16 -> requested 14 -> live 14 | PREVIOUS_WRITER=Vehicle.v_sportbike3_brennan_apollo_player_02
2026-09-21 16:17:16   record[4]=Vehicle.VehicleEngineData_2_Default_inline3 | maxSpeed 24 -> requested 19 -> live 19 | PREVIOUS_WRITER=Vehicle.v_sportbike3_brennan_apollo_player_02
2026-09-21 16:17:16   record[5]=Vehicle.VehicleEngineData_2_Default_inline4 | maxSpeed 32 -> requested 24 -> live 24 | PREVIOUS_WRITER=Vehicle.v_sportbike3_brennan_apollo_player_02
2026-09-21 16:17:16   record[6]=Vehicle.VehicleEngineData_2_Default_inline5 | maxSpeed 39 -> requested 29 -> live 29 | PREVIOUS_WRITER=Vehicle.v_sportbike3_brennan_apollo_player_02
2026-09-21 16:17:16   record[7]=Vehicle.VehicleEngineData_2_Default_inline6 | maxSpeed 47 -> requested 33 -> live 33 | PREVIOUS_WRITER=Vehicle.v_sportbike3_brennan_apollo_player_02
2026-09-21 16:17:16 VEHICLE Vehicle.v_sportbike3_brennan_apollo_nomad_player | engine=Vehicle.VehicleEngineData_2_Default | records=7
2026-09-21 16:17:16   record[1]=Vehicle.VehicleEngineData_2_Default_inline0 | maxSpeed 3 -> requested 3 -> live 3 | PREVIOUS_WRITER=Vehicle.v_sportbike3_brennan_apollo_player
2026-09-21 16:17:16   record[2]=Vehicle.VehicleEngineData_2_Default_inline1 | maxSpeed 8 -> requested 8 -> live 8 | PREVIOUS_WRITER=Vehicle.v_sportbike3_brennan_apollo_player
2026-09-21 16:17:16   record[3]=Vehicle.VehicleEngineData_2_Default_inline2 | maxSpeed 14 -> requested 14 -> live 14 | PREVIOUS_WRITER=Vehicle.v_sportbike3_brennan_apollo_player
2026-09-21 16:17:16   record[4]=Vehicle.VehicleEngineData_2_Default_inline3 | maxSpeed 19 -> requested 19 -> live 19 | PREVIOUS_WRITER=Vehicle.v_sportbike3_brennan_apollo_player
2026-09-21 16:17:16   record[5]=Vehicle.VehicleEngineData_2_Default_inline4 | maxSpeed 24 -> requested 24 -> live 24 | PREVIOUS_WRITER=Vehicle.v_sportbike3_brennan_apollo_player
2026-09-21 16:17:16   record[6]=Vehicle.VehicleEngineData_2_Default_inline5 | maxSpeed 29 -> requested 29 -> live 29 | PREVIOUS_WRITER=Vehicle.v_sportbike3_brennan_apollo_player
2026-09-21 16:17:16   record[7]=Vehicle.VehicleEngineData_2_Default_inline6 | maxSpeed 33 -> requested 33 -> live 33 | PREVIOUS_WRITER=Vehicle.v_sportbike3_brennan_apollo_player
2026-09-21 16:17:16 VEHICLE Vehicle.v_sportbike3_brennan_apollo_player_02 | engine=Vehicle.v_sportbike3_brennan_apollo_sport_inline1 | records=7
2026-09-21 16:17:16   record[1]=Vehicle.VehicleEngineData_2_Default_inline0 | maxSpeed 3 -> requested 3 -> live 3 | PREVIOUS_WRITER=Vehicle.v_sportbike3_brennan_apollo_nomad_player
2026-09-21 16:17:16   record[2]=Vehicle.VehicleEngineData_2_Default_inline1 | maxSpeed 8 -> requested 8 -> live 8 | PREVIOUS_WRITER=Vehicle.v_sportbike3_brennan_apollo_nomad_player
2026-09-21 16:17:16   record[3]=Vehicle.VehicleEngineData_2_Default_inline2 | maxSpeed 14 -> requested 14 -> live 14 | PREVIOUS_WRITER=Vehicle.v_sportbike3_brennan_apollo_nomad_player
2026-09-21 16:17:16   record[4]=Vehicle.VehicleEngineData_2_Default_inline3 | maxSpeed 19 -> requested 19 -> live 19 | PREVIOUS_WRITER=Vehicle.v_sportbike3_brennan_apollo_nomad_player
2026-09-21 16:17:16   record[5]=Vehicle.VehicleEngineData_2_Default_inline4 | maxSpeed 24 -> requested 24 -> live 24 | PREVIOUS_WRITER=Vehicle.v_sportbike3_brennan_apollo_nomad_player
2026-09-21 16:17:16   record[6]=Vehicle.VehicleEngineData_2_Default_inline5 | maxSpeed 29 -> requested 29 -> live 29 | PREVIOUS_WRITER=Vehicle.v_sportbike3_brennan_apollo_nomad_player
2026-09-21 16:17:16   record[7]=Vehicle.VehicleEngineData_2_Default_inline6 | maxSpeed 33 -> requested 33 -> live 33 | PREVIOUS_WRITER=Vehicle.v_sportbike3_brennan_apollo_nomad_player
2026-09-21 16:17:16 VEHICLE Vehicle.v_sportbike2_arch_player | engine=Vehicle.VehicleEngineData_Arch | records=7
2026-09-21 16:17:16   record[1]=Vehicle.VehicleEngineData_Arch_inline0 | maxSpeed 3 -> requested 3 -> live 3 | PREVIOUS_WRITER=Vehicle.v_sportbike2_arch_jackie_player
2026-09-21 16:17:16   record[2]=Vehicle.VehicleEngineData_Arch_inline1 | maxSpeed 12 -> requested 12 -> live 12 | PREVIOUS_WRITER=Vehicle.v_sportbike2_arch_jackie_player
2026-09-21 16:17:16   record[3]=Vehicle.VehicleEngineData_Arch_inline2 | maxSpeed 21.239999771118 -> requested 19 -> live 19 | PREVIOUS_WRITER=Vehicle.v_sportbike2_arch_jackie_player
2026-09-21 16:17:16   record[4]=Vehicle.VehicleEngineData_Arch_inline3 | maxSpeed 31.270000457764 -> requested 25 -> live 25 | PREVIOUS_WRITER=Vehicle.v_sportbike2_arch_jackie_player
2026-09-21 16:17:16   record[5]=Vehicle.VehicleEngineData_Arch_inline4 | maxSpeed 40.709999084473 -> requested 30 -> live 30 | PREVIOUS_WRITER=Vehicle.v_sportbike2_arch_jackie_player
2026-09-21 16:17:16   record[6]=Vehicle.VehicleEngineData_Arch_inline5 | maxSpeed 50.740001678467 -> requested 34.5 -> live 34.5 | PREVIOUS_WRITER=Vehicle.v_sportbike2_arch_jackie_player
2026-09-21 16:17:16   record[7]=Vehicle.VehicleEngineData_Arch_inline6 | maxSpeed 59 -> requested 40 -> live 40 | PREVIOUS_WRITER=Vehicle.v_sportbike2_arch_jackie_player
2026-09-21 16:17:16 VEHICLE Vehicle.v_sportbike2_arch_jackie_player | engine=Vehicle.VehicleEngineData_Arch | records=7
2026-09-21 16:17:16   record[1]=Vehicle.VehicleEngineData_Arch_inline0 | maxSpeed 3 -> requested 3 -> live 3 | PREVIOUS_WRITER=Vehicle.v_sportbike2_arch_player
2026-09-21 16:17:16   record[2]=Vehicle.VehicleEngineData_Arch_inline1 | maxSpeed 12 -> requested 12 -> live 12 | PREVIOUS_WRITER=Vehicle.v_sportbike2_arch_player
2026-09-21 16:17:16   record[3]=Vehicle.VehicleEngineData_Arch_inline2 | maxSpeed 19 -> requested 19 -> live 19 | PREVIOUS_WRITER=Vehicle.v_sportbike2_arch_player
2026-09-21 16:17:16   record[4]=Vehicle.VehicleEngineData_Arch_inline3 | maxSpeed 25 -> requested 25 -> live 25 | PREVIOUS_WRITER=Vehicle.v_sportbike2_arch_player
2026-09-21 16:17:16   record[5]=Vehicle.VehicleEngineData_Arch_inline4 | maxSpeed 30 -> requested 30 -> live 30 | PREVIOUS_WRITER=Vehicle.v_sportbike2_arch_player
2026-09-21 16:17:16   record[6]=Vehicle.VehicleEngineData_Arch_inline5 | maxSpeed 34.5 -> requested 34.5 -> live 34.5 | PREVIOUS_WRITER=Vehicle.v_sportbike2_arch_player
2026-09-21 16:17:16   record[7]=Vehicle.VehicleEngineData_Arch_inline6 | maxSpeed 40 -> requested 40 -> live 40 | PREVIOUS_WRITER=Vehicle.v_sportbike2_arch_player
2026-09-21 16:17:16 VEHICLE Vehicle.v_sportbike2_arch_jackie_tuned_player | engine=Vehicle.v_sportbike2_arch_jackie_tuned_inline1 | records=7
2026-09-21 16:17:16   record[1]=Vehicle.VehicleEngineData_Arch_inline0 | maxSpeed 3 -> requested 3 -> live 3 | PREVIOUS_WRITER=Vehicle.v_sportbike2_arch_jackie_player
2026-09-21 16:17:16   record[2]=Vehicle.VehicleEngineData_Arch_inline1 | maxSpeed 12 -> requested 12 -> live 12 | PREVIOUS_WRITER=Vehicle.v_sportbike2_arch_jackie_player
2026-09-21 16:17:16   record[3]=Vehicle.VehicleEngineData_Arch_inline2 | maxSpeed 19 -> requested 19 -> live 19 | PREVIOUS_WRITER=Vehicle.v_sportbike2_arch_jackie_player
2026-09-21 16:17:16   record[4]=Vehicle.VehicleEngineData_Arch_inline3 | maxSpeed 25 -> requested 25 -> live 25 | PREVIOUS_WRITER=Vehicle.v_sportbike2_arch_jackie_player
2026-09-21 16:17:16   record[5]=Vehicle.VehicleEngineData_Arch_inline4 | maxSpeed 30 -> requested 30 -> live 30 | PREVIOUS_WRITER=Vehicle.v_sportbike2_arch_jackie_player
2026-09-21 16:17:16   record[6]=Vehicle.VehicleEngineData_Arch_inline5 | maxSpeed 34.5 -> requested 34.5 -> live 34.5 | PREVIOUS_WRITER=Vehicle.v_sportbike2_arch_jackie_player
2026-09-21 16:17:16   record[7]=Vehicle.VehicleEngineData_Arch_inline6 | maxSpeed 40 -> requested 40 -> live 40 | PREVIOUS_WRITER=Vehicle.v_sportbike2_arch_jackie_player
2026-09-21 16:17:16 VEHICLE Vehicle.v_sportbike2_arch_tyger_player | engine=Vehicle.VehicleEngineData_Arch | records=7
2026-09-21 16:17:16   record[1]=Vehicle.VehicleEngineData_Arch_inline0 | maxSpeed 3 -> requested 3 -> live 3 | PREVIOUS_WRITER=Vehicle.v_sportbike2_arch_jackie_tuned_player
2026-09-21 16:17:16   record[2]=Vehicle.VehicleEngineData_Arch_inline1 | maxSpeed 12 -> requested 12 -> live 12 | PREVIOUS_WRITER=Vehicle.v_sportbike2_arch_jackie_tuned_player
2026-09-21 16:17:16   record[3]=Vehicle.VehicleEngineData_Arch_inline2 | maxSpeed 19 -> requested 19 -> live 19 | PREVIOUS_WRITER=Vehicle.v_sportbike2_arch_jackie_tuned_player
2026-09-21 16:17:16   record[4]=Vehicle.VehicleEngineData_Arch_inline3 | maxSpeed 25 -> requested 25 -> live 25 | PREVIOUS_WRITER=Vehicle.v_sportbike2_arch_jackie_tuned_player
2026-09-21 16:17:16   record[5]=Vehicle.VehicleEngineData_Arch_inline4 | maxSpeed 30 -> requested 30 -> live 30 | PREVIOUS_WRITER=Vehicle.v_sportbike2_arch_jackie_tuned_player
2026-09-21 16:17:16   record[6]=Vehicle.VehicleEngineData_Arch_inline5 | maxSpeed 34.5 -> requested 34.5 -> live 34.5 | PREVIOUS_WRITER=Vehicle.v_sportbike2_arch_jackie_tuned_player
2026-09-21 16:17:16   record[7]=Vehicle.VehicleEngineData_Arch_inline6 | maxSpeed 40 -> requested 40 -> live 40 | PREVIOUS_WRITER=Vehicle.v_sportbike2_arch_jackie_tuned_player
2026-09-21 16:17:16 VEHICLE Vehicle.v_sportbike2_arch_player_02 | engine=Vehicle.VehicleEngineData_Arch | records=7
2026-09-21 16:17:16   record[1]=Vehicle.VehicleEngineData_Arch_inline0 | maxSpeed 3 -> requested 3 -> live 3 | PREVIOUS_WRITER=Vehicle.v_sportbike2_arch_tyger_player
2026-09-21 16:17:16   record[2]=Vehicle.VehicleEngineData_Arch_inline1 | maxSpeed 12 -> requested 12 -> live 12 | PREVIOUS_WRITER=Vehicle.v_sportbike2_arch_tyger_player
2026-09-21 16:17:16   record[3]=Vehicle.VehicleEngineData_Arch_inline2 | maxSpeed 19 -> requested 19 -> live 19 | PREVIOUS_WRITER=Vehicle.v_sportbike2_arch_tyger_player
2026-09-21 16:17:16   record[4]=Vehicle.VehicleEngineData_Arch_inline3 | maxSpeed 25 -> requested 25 -> live 25 | PREVIOUS_WRITER=Vehicle.v_sportbike2_arch_tyger_player
2026-09-21 16:17:16   record[5]=Vehicle.VehicleEngineData_Arch_inline4 | maxSpeed 30 -> requested 30 -> live 30 | PREVIOUS_WRITER=Vehicle.v_sportbike2_arch_tyger_player
2026-09-21 16:17:16   record[6]=Vehicle.VehicleEngineData_Arch_inline5 | maxSpeed 34.5 -> requested 34.5 -> live 34.5 | PREVIOUS_WRITER=Vehicle.v_sportbike2_arch_tyger_player
2026-09-21 16:17:16   record[7]=Vehicle.VehicleEngineData_Arch_inline6 | maxSpeed 40 -> requested 40 -> live 40 | PREVIOUS_WRITER=Vehicle.v_sportbike2_arch_tyger_player
2026-09-21 16:17:16 VEHICLE Vehicle.v_sportbike2_arch_player_03 | engine=Vehicle.VehicleEngineData_Arch | records=7
2026-09-21 16:17:16   record[1]=Vehicle.VehicleEngineData_Arch_inline0 | maxSpeed 3 -> requested 3 -> live 3 | PREVIOUS_WRITER=Vehicle.v_sportbike2_arch_player_02
2026-09-21 16:17:16   record[2]=Vehicle.VehicleEngineData_Arch_inline1 | maxSpeed 12 -> requested 12 -> live 12 | PREVIOUS_WRITER=Vehicle.v_sportbike2_arch_player_02
2026-09-21 16:17:16   record[3]=Vehicle.VehicleEngineData_Arch_inline2 | maxSpeed 19 -> requested 19 -> live 19 | PREVIOUS_WRITER=Vehicle.v_sportbike2_arch_player_02
2026-09-21 16:17:16   record[4]=Vehicle.VehicleEngineData_Arch_inline3 | maxSpeed 25 -> requested 25 -> live 25 | PREVIOUS_WRITER=Vehicle.v_sportbike2_arch_player_02
2026-09-21 16:17:16   record[5]=Vehicle.VehicleEngineData_Arch_inline4 | maxSpeed 30 -> requested 30 -> live 30 | PREVIOUS_WRITER=Vehicle.v_sportbike2_arch_player_02
2026-09-21 16:17:16   record[6]=Vehicle.VehicleEngineData_Arch_inline5 | maxSpeed 34.5 -> requested 34.5 -> live 34.5 | PREVIOUS_WRITER=Vehicle.v_sportbike2_arch_player_02
2026-09-21 16:17:16   record[7]=Vehicle.VehicleEngineData_Arch_inline6 | maxSpeed 40 -> requested 40 -> live 40 | PREVIOUS_WRITER=Vehicle.v_sportbike2_arch_player_02
2026-09-21 16:17:16 VEHICLE Vehicle.v_sportbike2_arch_linas_player | engine=Vehicle.VehicleEngineData_Arch | records=7
2026-09-21 16:17:16   record[1]=Vehicle.VehicleEngineData_Arch_inline0 | maxSpeed 3 -> requested 3 -> live 3 | PREVIOUS_WRITER=Vehicle.v_sportbike2_arch_player_03
2026-09-21 16:17:16   record[2]=Vehicle.VehicleEngineData_Arch_inline1 | maxSpeed 12 -> requested 12 -> live 12 | PREVIOUS_WRITER=Vehicle.v_sportbike2_arch_player_03
2026-09-21 16:17:16   record[3]=Vehicle.VehicleEngineData_Arch_inline2 | maxSpeed 19 -> requested 19 -> live 19 | PREVIOUS_WRITER=Vehicle.v_sportbike2_arch_player_03
2026-09-21 16:17:16   record[4]=Vehicle.VehicleEngineData_Arch_inline3 | maxSpeed 25 -> requested 25 -> live 25 | PREVIOUS_WRITER=Vehicle.v_sportbike2_arch_player_03
2026-09-21 16:17:16   record[5]=Vehicle.VehicleEngineData_Arch_inline4 | maxSpeed 30 -> requested 30 -> live 30 | PREVIOUS_WRITER=Vehicle.v_sportbike2_arch_player_03
2026-09-21 16:17:16   record[6]=Vehicle.VehicleEngineData_Arch_inline5 | maxSpeed 34.5 -> requested 34.5 -> live 34.5 | PREVIOUS_WRITER=Vehicle.v_sportbike2_arch_player_03
2026-09-21 16:17:16   record[7]=Vehicle.VehicleEngineData_Arch_inline6 | maxSpeed 40 -> requested 40 -> live 40 | PREVIOUS_WRITER=Vehicle.v_sportbike2_arch_player_03
2026-09-21 16:17:16 VEHICLE Vehicle.v_sportbike1_yaiba_kusanagi_player | engine=Vehicle.v_sportbike1_yaiba_kusanagi_inline5 | records=8
2026-09-21 16:17:16   record[1]=Vehicle.v_sportbike1_yaiba_kusanagi_inline6 | maxSpeed 3 -> requested 3 -> live 3 | PREVIOUS_WRITER=Vehicle.v_sportbike1_yaiba_kusanagi_player_03
2026-09-21 16:17:16   record[2]=Vehicle.v_sportbike1_yaiba_kusanagi_inline7 | maxSpeed 12 -> requested 12 -> live 12 | PREVIOUS_WRITER=Vehicle.v_sportbike1_yaiba_kusanagi_player_03
2026-09-21 16:17:16   record[3]=Vehicle.v_sportbike1_yaiba_kusanagi_inline8 | maxSpeed 21 -> requested 18 -> live 18 | PREVIOUS_WRITER=Vehicle.v_sportbike1_yaiba_kusanagi_player_03
2026-09-21 16:17:16   record[4]=Vehicle.v_sportbike1_yaiba_kusanagi_inline9 | maxSpeed 33 -> requested 23.5 -> live 23.5 | PREVIOUS_WRITER=Vehicle.v_sportbike1_yaiba_kusanagi_player_03
2026-09-21 16:17:16   record[5]=Vehicle.v_sportbike1_yaiba_kusanagi_inline10 | maxSpeed 46 -> requested 29 -> live 29 | PREVIOUS_WRITER=Vehicle.v_sportbike1_yaiba_kusanagi_player_03
2026-09-21 16:17:16   record[6]=Vehicle.v_sportbike1_yaiba_kusanagi_inline11 | maxSpeed 60 -> requested 33 -> live 33 | PREVIOUS_WRITER=Vehicle.v_sportbike1_yaiba_kusanagi_player_03
2026-09-21 16:17:16   record[7]=Vehicle.v_sportbike1_yaiba_kusanagi_inline12 | maxSpeed 76 -> requested 36 -> live 36 | PREVIOUS_WRITER=Vehicle.v_sportbike1_yaiba_kusanagi_player_03
2026-09-21 16:17:16   record[8]=Vehicle.v_sportbike1_yaiba_kusanagi_inline13 | maxSpeed 90 -> requested 42 -> live 42 | PREVIOUS_WRITER=Vehicle.v_sportbike1_yaiba_kusanagi_player_03
2026-09-21 16:17:16 VEHICLE Vehicle.v_sportbike1_yaiba_kusanagi_player_02 | engine=Vehicle.v_sportbike1_yaiba_kusanagi_inline5 | records=8
2026-09-21 16:17:16   record[1]=Vehicle.v_sportbike1_yaiba_kusanagi_inline6 | maxSpeed 3 -> requested 3 -> live 3 | PREVIOUS_WRITER=Vehicle.v_sportbike1_yaiba_kusanagi_player
2026-09-21 16:17:16   record[2]=Vehicle.v_sportbike1_yaiba_kusanagi_inline7 | maxSpeed 12 -> requested 12 -> live 12 | PREVIOUS_WRITER=Vehicle.v_sportbike1_yaiba_kusanagi_player
2026-09-21 16:17:16   record[3]=Vehicle.v_sportbike1_yaiba_kusanagi_inline8 | maxSpeed 18 -> requested 18 -> live 18 | PREVIOUS_WRITER=Vehicle.v_sportbike1_yaiba_kusanagi_player
2026-09-21 16:17:16   record[4]=Vehicle.v_sportbike1_yaiba_kusanagi_inline9 | maxSpeed 23.5 -> requested 23.5 -> live 23.5 | PREVIOUS_WRITER=Vehicle.v_sportbike1_yaiba_kusanagi_player
2026-09-21 16:17:16   record[5]=Vehicle.v_sportbike1_yaiba_kusanagi_inline10 | maxSpeed 29 -> requested 29 -> live 29 | PREVIOUS_WRITER=Vehicle.v_sportbike1_yaiba_kusanagi_player
2026-09-21 16:17:16   record[6]=Vehicle.v_sportbike1_yaiba_kusanagi_inline11 | maxSpeed 33 -> requested 33 -> live 33 | PREVIOUS_WRITER=Vehicle.v_sportbike1_yaiba_kusanagi_player
2026-09-21 16:17:16   record[7]=Vehicle.v_sportbike1_yaiba_kusanagi_inline12 | maxSpeed 36 -> requested 36 -> live 36 | PREVIOUS_WRITER=Vehicle.v_sportbike1_yaiba_kusanagi_player
2026-09-21 16:17:16   record[8]=Vehicle.v_sportbike1_yaiba_kusanagi_inline13 | maxSpeed 42 -> requested 42 -> live 42 | PREVIOUS_WRITER=Vehicle.v_sportbike1_yaiba_kusanagi_player
2026-09-21 16:17:16 VEHICLE Vehicle.v_sportbike1_yaiba_kusanagi_player_03 | engine=Vehicle.v_sportbike1_yaiba_kusanagi_inline5 | records=8
2026-09-21 16:17:16   record[1]=Vehicle.v_sportbike1_yaiba_kusanagi_inline6 | maxSpeed 3 -> requested 3 -> live 3 | PREVIOUS_WRITER=Vehicle.v_sportbike1_yaiba_kusanagi_player_02
2026-09-21 16:17:16   record[2]=Vehicle.v_sportbike1_yaiba_kusanagi_inline7 | maxSpeed 12 -> requested 12 -> live 12 | PREVIOUS_WRITER=Vehicle.v_sportbike1_yaiba_kusanagi_player_02
2026-09-21 16:17:16   record[3]=Vehicle.v_sportbike1_yaiba_kusanagi_inline8 | maxSpeed 18 -> requested 18 -> live 18 | PREVIOUS_WRITER=Vehicle.v_sportbike1_yaiba_kusanagi_player_02
2026-09-21 16:17:16   record[4]=Vehicle.v_sportbike1_yaiba_kusanagi_inline9 | maxSpeed 23.5 -> requested 23.5 -> live 23.5 | PREVIOUS_WRITER=Vehicle.v_sportbike1_yaiba_kusanagi_player_02
2026-09-21 16:17:16   record[5]=Vehicle.v_sportbike1_yaiba_kusanagi_inline10 | maxSpeed 29 -> requested 29 -> live 29 | PREVIOUS_WRITER=Vehicle.v_sportbike1_yaiba_kusanagi_player_02
2026-09-21 16:17:16   record[6]=Vehicle.v_sportbike1_yaiba_kusanagi_inline11 | maxSpeed 33 -> requested 33 -> live 33 | PREVIOUS_WRITER=Vehicle.v_sportbike1_yaiba_kusanagi_player_02
2026-09-21 16:17:16   record[7]=Vehicle.v_sportbike1_yaiba_kusanagi_inline12 | maxSpeed 36 -> requested 36 -> live 36 | PREVIOUS_WRITER=Vehicle.v_sportbike1_yaiba_kusanagi_player_02
2026-09-21 16:17:16   record[8]=Vehicle.v_sportbike1_yaiba_kusanagi_inline13 | maxSpeed 42 -> requested 42 -> live 42 | PREVIOUS_WRITER=Vehicle.v_sportbike1_yaiba_kusanagi_player_02
2026-09-21 16:17:16 VEHICLE Vehicle.v_sportbike1_yaiba_muramasa_player | engine=Vehicle.v_sportbike1_yaiba_kusanagi_inline5 | records=8
2026-09-21 16:17:16   record[1]=Vehicle.v_sportbike1_yaiba_kusanagi_inline6 | maxSpeed 3 -> requested 3 -> live 3 | PREVIOUS_WRITER=Vehicle.v_sportbike1_yaiba_kusanagi_player_03
2026-09-21 16:17:16   record[2]=Vehicle.v_sportbike1_yaiba_kusanagi_inline7 | maxSpeed 12 -> requested 12 -> live 12 | PREVIOUS_WRITER=Vehicle.v_sportbike1_yaiba_kusanagi_player_03
2026-09-21 16:17:16   record[3]=Vehicle.v_sportbike1_yaiba_kusanagi_inline8 | maxSpeed 18 -> requested 18 -> live 18 | PREVIOUS_WRITER=Vehicle.v_sportbike1_yaiba_kusanagi_player_03
2026-09-21 16:17:16   record[4]=Vehicle.v_sportbike1_yaiba_kusanagi_inline9 | maxSpeed 23.5 -> requested 23.5 -> live 23.5 | PREVIOUS_WRITER=Vehicle.v_sportbike1_yaiba_kusanagi_player_03
2026-09-21 16:17:16   record[5]=Vehicle.v_sportbike1_yaiba_kusanagi_inline10 | maxSpeed 29 -> requested 29 -> live 29 | PREVIOUS_WRITER=Vehicle.v_sportbike1_yaiba_kusanagi_player_03
2026-09-21 16:17:16   record[6]=Vehicle.v_sportbike1_yaiba_kusanagi_inline11 | maxSpeed 33 -> requested 33 -> live 33 | PREVIOUS_WRITER=Vehicle.v_sportbike1_yaiba_kusanagi_player_03
2026-09-21 16:17:16   record[7]=Vehicle.v_sportbike1_yaiba_kusanagi_inline12 | maxSpeed 36 -> requested 36 -> live 36 | PREVIOUS_WRITER=Vehicle.v_sportbike1_yaiba_kusanagi_player_03
2026-09-21 16:17:16   record[8]=Vehicle.v_sportbike1_yaiba_kusanagi_inline13 | maxSpeed 42 -> requested 42 -> live 42 | PREVIOUS_WRITER=Vehicle.v_sportbike1_yaiba_kusanagi_player_03
2026-09-21 16:17:16 VEHICLE Vehicle.v_sportbike1_yaiba_muramasa_naked | engine=Vehicle.v_sportbike1_yaiba_kusanagi_inline5 | records=8
2026-09-21 16:17:16   record[1]=Vehicle.v_sportbike1_yaiba_kusanagi_inline6 | maxSpeed 3 -> requested 3 -> live 3 | PREVIOUS_WRITER=Vehicle.v_sportbike1_yaiba_muramasa_player
2026-09-21 16:17:16   record[2]=Vehicle.v_sportbike1_yaiba_kusanagi_inline7 | maxSpeed 12 -> requested 12 -> live 12 | PREVIOUS_WRITER=Vehicle.v_sportbike1_yaiba_muramasa_player
2026-09-21 16:17:16   record[3]=Vehicle.v_sportbike1_yaiba_kusanagi_inline8 | maxSpeed 18 -> requested 18 -> live 18 | PREVIOUS_WRITER=Vehicle.v_sportbike1_yaiba_muramasa_player
2026-09-21 16:17:16   record[4]=Vehicle.v_sportbike1_yaiba_kusanagi_inline9 | maxSpeed 23.5 -> requested 23.5 -> live 23.5 | PREVIOUS_WRITER=Vehicle.v_sportbike1_yaiba_muramasa_player
2026-09-21 16:17:16   record[5]=Vehicle.v_sportbike1_yaiba_kusanagi_inline10 | maxSpeed 29 -> requested 29 -> live 29 | PREVIOUS_WRITER=Vehicle.v_sportbike1_yaiba_muramasa_player
2026-09-21 16:17:16   record[6]=Vehicle.v_sportbike1_yaiba_kusanagi_inline11 | maxSpeed 33 -> requested 33 -> live 33 | PREVIOUS_WRITER=Vehicle.v_sportbike1_yaiba_muramasa_player
2026-09-21 16:17:16   record[7]=Vehicle.v_sportbike1_yaiba_kusanagi_inline12 | maxSpeed 36 -> requested 36 -> live 36 | PREVIOUS_WRITER=Vehicle.v_sportbike1_yaiba_muramasa_player
2026-09-21 16:17:16   record[8]=Vehicle.v_sportbike1_yaiba_kusanagi_inline13 | maxSpeed 42 -> requested 42 -> live 42 | PREVIOUS_WRITER=Vehicle.v_sportbike1_yaiba_muramasa_player
2026-09-21 16:17:16 VEHICLE Vehicle.v_sportbike1_yaiba_muramasa_naked_as | engine=Vehicle.v_sportbike1_yaiba_kusanagi_inline5 | records=8
2026-09-21 16:17:16   record[1]=Vehicle.v_sportbike1_yaiba_kusanagi_inline6 | maxSpeed 3 -> requested 3 -> live 3 | PREVIOUS_WRITER=Vehicle.v_sportbike1_yaiba_muramasa_naked
2026-09-21 16:17:16   record[2]=Vehicle.v_sportbike1_yaiba_kusanagi_inline7 | maxSpeed 12 -> requested 12 -> live 12 | PREVIOUS_WRITER=Vehicle.v_sportbike1_yaiba_muramasa_naked
2026-09-21 16:17:16   record[3]=Vehicle.v_sportbike1_yaiba_kusanagi_inline8 | maxSpeed 18 -> requested 18 -> live 18 | PREVIOUS_WRITER=Vehicle.v_sportbike1_yaiba_muramasa_naked
2026-09-21 16:17:16   record[4]=Vehicle.v_sportbike1_yaiba_kusanagi_inline9 | maxSpeed 23.5 -> requested 23.5 -> live 23.5 | PREVIOUS_WRITER=Vehicle.v_sportbike1_yaiba_muramasa_naked
2026-09-21 16:17:16   record[5]=Vehicle.v_sportbike1_yaiba_kusanagi_inline10 | maxSpeed 29 -> requested 29 -> live 29 | PREVIOUS_WRITER=Vehicle.v_sportbike1_yaiba_muramasa_naked
2026-09-21 16:17:16   record[6]=Vehicle.v_sportbike1_yaiba_kusanagi_inline11 | maxSpeed 33 -> requested 33 -> live 33 | PREVIOUS_WRITER=Vehicle.v_sportbike1_yaiba_muramasa_naked
2026-09-21 16:17:16   record[7]=Vehicle.v_sportbike1_yaiba_kusanagi_inline12 | maxSpeed 36 -> requested 36 -> live 36 | PREVIOUS_WRITER=Vehicle.v_sportbike1_yaiba_muramasa_naked
2026-09-21 16:17:16   record[8]=Vehicle.v_sportbike1_yaiba_kusanagi_inline13 | maxSpeed 42 -> requested 42 -> live 42 | PREVIOUS_WRITER=Vehicle.v_sportbike1_yaiba_muramasa_naked
2026-09-21 16:17:16 VEHICLE Vehicle.v_sportbike1_yaiba_muramasa_naked_as_nr | engine=Vehicle.v_sportbike1_yaiba_kusanagi_inline5 | records=8
2026-09-21 16:17:16   record[1]=Vehicle.v_sportbike1_yaiba_kusanagi_inline6 | maxSpeed 3 -> requested 3 -> live 3 | PREVIOUS_WRITER=Vehicle.v_sportbike1_yaiba_muramasa_naked_as
2026-09-21 16:17:16   record[2]=Vehicle.v_sportbike1_yaiba_kusanagi_inline7 | maxSpeed 12 -> requested 12 -> live 12 | PREVIOUS_WRITER=Vehicle.v_sportbike1_yaiba_muramasa_naked_as
2026-09-21 16:17:16   record[3]=Vehicle.v_sportbike1_yaiba_kusanagi_inline8 | maxSpeed 18 -> requested 18 -> live 18 | PREVIOUS_WRITER=Vehicle.v_sportbike1_yaiba_muramasa_naked_as
2026-09-21 16:17:16   record[4]=Vehicle.v_sportbike1_yaiba_kusanagi_inline9 | maxSpeed 23.5 -> requested 23.5 -> live 23.5 | PREVIOUS_WRITER=Vehicle.v_sportbike1_yaiba_muramasa_naked_as
2026-09-21 16:17:16   record[5]=Vehicle.v_sportbike1_yaiba_kusanagi_inline10 | maxSpeed 29 -> requested 29 -> live 29 | PREVIOUS_WRITER=Vehicle.v_sportbike1_yaiba_muramasa_naked_as
2026-09-21 16:17:16   record[6]=Vehicle.v_sportbike1_yaiba_kusanagi_inline11 | maxSpeed 33 -> requested 33 -> live 33 | PREVIOUS_WRITER=Vehicle.v_sportbike1_yaiba_muramasa_naked_as
2026-09-21 16:17:16   record[7]=Vehicle.v_sportbike1_yaiba_kusanagi_inline12 | maxSpeed 36 -> requested 36 -> live 36 | PREVIOUS_WRITER=Vehicle.v_sportbike1_yaiba_muramasa_naked_as
2026-09-21 16:17:16   record[8]=Vehicle.v_sportbike1_yaiba_kusanagi_inline13 | maxSpeed 42 -> requested 42 -> live 42 | PREVIOUS_WRITER=Vehicle.v_sportbike1_yaiba_muramasa_naked_as
2026-09-21 16:17:16 VEHICLE Vehicle.v_sportbike1_yaiba_muramasa_naked_as_ns | engine=Vehicle.v_sportbike1_yaiba_kusanagi_inline5 | records=8
2026-09-21 16:17:16   record[1]=Vehicle.v_sportbike1_yaiba_kusanagi_inline6 | maxSpeed 3 -> requested 3 -> live 3 | PREVIOUS_WRITER=Vehicle.v_sportbike1_yaiba_muramasa_naked_as_nr
2026-09-21 16:17:16   record[2]=Vehicle.v_sportbike1_yaiba_kusanagi_inline7 | maxSpeed 12 -> requested 12 -> live 12 | PREVIOUS_WRITER=Vehicle.v_sportbike1_yaiba_muramasa_naked_as_nr
2026-09-21 16:17:16   record[3]=Vehicle.v_sportbike1_yaiba_kusanagi_inline8 | maxSpeed 18 -> requested 18 -> live 18 | PREVIOUS_WRITER=Vehicle.v_sportbike1_yaiba_muramasa_naked_as_nr
2026-09-21 16:17:16   record[4]=Vehicle.v_sportbike1_yaiba_kusanagi_inline9 | maxSpeed 23.5 -> requested 23.5 -> live 23.5 | PREVIOUS_WRITER=Vehicle.v_sportbike1_yaiba_muramasa_naked_as_nr
2026-09-21 16:17:16   record[5]=Vehicle.v_sportbike1_yaiba_kusanagi_inline10 | maxSpeed 29 -> requested 29 -> live 29 | PREVIOUS_WRITER=Vehicle.v_sportbike1_yaiba_muramasa_naked_as_nr
2026-09-21 16:17:16   record[6]=Vehicle.v_sportbike1_yaiba_kusanagi_inline11 | maxSpeed 33 -> requested 33 -> live 33 | PREVIOUS_WRITER=Vehicle.v_sportbike1_yaiba_muramasa_naked_as_nr
2026-09-21 16:17:16   record[7]=Vehicle.v_sportbike1_yaiba_kusanagi_inline12 | maxSpeed 36 -> requested 36 -> live 36 | PREVIOUS_WRITER=Vehicle.v_sportbike1_yaiba_muramasa_naked_as_nr
2026-09-21 16:17:16   record[8]=Vehicle.v_sportbike1_yaiba_kusanagi_inline13 | maxSpeed 42 -> requested 42 -> live 42 | PREVIOUS_WRITER=Vehicle.v_sportbike1_yaiba_muramasa_naked_as_nr
2026-09-21 16:17:16 VEHICLE Vehicle.v_sportbike1_yaiba_muramasa_naked_as_ns_nr | engine=Vehicle.v_sportbike1_yaiba_kusanagi_inline5 | records=8
2026-09-21 16:17:16   record[1]=Vehicle.v_sportbike1_yaiba_kusanagi_inline6 | maxSpeed 3 -> requested 3 -> live 3 | PREVIOUS_WRITER=Vehicle.v_sportbike1_yaiba_muramasa_naked_as_ns
2026-09-21 16:17:16   record[2]=Vehicle.v_sportbike1_yaiba_kusanagi_inline7 | maxSpeed 12 -> requested 12 -> live 12 | PREVIOUS_WRITER=Vehicle.v_sportbike1_yaiba_muramasa_naked_as_ns
2026-09-21 16:17:16   record[3]=Vehicle.v_sportbike1_yaiba_kusanagi_inline8 | maxSpeed 18 -> requested 18 -> live 18 | PREVIOUS_WRITER=Vehicle.v_sportbike1_yaiba_muramasa_naked_as_ns
2026-09-21 16:17:16   record[4]=Vehicle.v_sportbike1_yaiba_kusanagi_inline9 | maxSpeed 23.5 -> requested 23.5 -> live 23.5 | PREVIOUS_WRITER=Vehicle.v_sportbike1_yaiba_muramasa_naked_as_ns
2026-09-21 16:17:16   record[5]=Vehicle.v_sportbike1_yaiba_kusanagi_inline10 | maxSpeed 29 -> requested 29 -> live 29 | PREVIOUS_WRITER=Vehicle.v_sportbike1_yaiba_muramasa_naked_as_ns
2026-09-21 16:17:16   record[6]=Vehicle.v_sportbike1_yaiba_kusanagi_inline11 | maxSpeed 33 -> requested 33 -> live 33 | PREVIOUS_WRITER=Vehicle.v_sportbike1_yaiba_muramasa_naked_as_ns
2026-09-21 16:17:16   record[7]=Vehicle.v_sportbike1_yaiba_kusanagi_inline12 | maxSpeed 36 -> requested 36 -> live 36 | PREVIOUS_WRITER=Vehicle.v_sportbike1_yaiba_muramasa_naked_as_ns
2026-09-21 16:17:16   record[8]=Vehicle.v_sportbike1_yaiba_kusanagi_inline13 | maxSpeed 42 -> requested 42 -> live 42 | PREVIOUS_WRITER=Vehicle.v_sportbike1_yaiba_muramasa_naked_as_ns
2026-09-21 16:17:16 VEHICLE Vehicle.v_sportbike1_yaiba_muramasa_naked_nr | engine=Vehicle.v_sportbike1_yaiba_kusanagi_inline5 | records=8
2026-09-21 16:17:16   record[1]=Vehicle.v_sportbike1_yaiba_kusanagi_inline6 | maxSpeed 3 -> requested 3 -> live 3 | PREVIOUS_WRITER=Vehicle.v_sportbike1_yaiba_muramasa_naked_as_ns_nr
2026-09-21 16:17:16   record[2]=Vehicle.v_sportbike1_yaiba_kusanagi_inline7 | maxSpeed 12 -> requested 12 -> live 12 | PREVIOUS_WRITER=Vehicle.v_sportbike1_yaiba_muramasa_naked_as_ns_nr
2026-09-21 16:17:16   record[3]=Vehicle.v_sportbike1_yaiba_kusanagi_inline8 | maxSpeed 18 -> requested 18 -> live 18 | PREVIOUS_WRITER=Vehicle.v_sportbike1_yaiba_muramasa_naked_as_ns_nr
2026-09-21 16:17:16   record[4]=Vehicle.v_sportbike1_yaiba_kusanagi_inline9 | maxSpeed 23.5 -> requested 23.5 -> live 23.5 | PREVIOUS_WRITER=Vehicle.v_sportbike1_yaiba_muramasa_naked_as_ns_nr
2026-09-21 16:17:16   record[5]=Vehicle.v_sportbike1_yaiba_kusanagi_inline10 | maxSpeed 29 -> requested 29 -> live 29 | PREVIOUS_WRITER=Vehicle.v_sportbike1_yaiba_muramasa_naked_as_ns_nr
2026-09-21 16:17:16   record[6]=Vehicle.v_sportbike1_yaiba_kusanagi_inline11 | maxSpeed 33 -> requested 33 -> live 33 | PREVIOUS_WRITER=Vehicle.v_sportbike1_yaiba_muramasa_naked_as_ns_nr
2026-09-21 16:17:16   record[7]=Vehicle.v_sportbike1_yaiba_kusanagi_inline12 | maxSpeed 36 -> requested 36 -> live 36 | PREVIOUS_WRITER=Vehicle.v_sportbike1_yaiba_muramasa_naked_as_ns_nr
2026-09-21 16:17:16   record[8]=Vehicle.v_sportbike1_yaiba_kusanagi_inline13 | maxSpeed 42 -> requested 42 -> live 42 | PREVIOUS_WRITER=Vehicle.v_sportbike1_yaiba_muramasa_naked_as_ns_nr
2026-09-21 16:17:16 VEHICLE Vehicle.v_sportbike1_yaiba_muramasa_naked_ns | engine=Vehicle.v_sportbike1_yaiba_kusanagi_inline5 | records=8
2026-09-21 16:17:16   record[1]=Vehicle.v_sportbike1_yaiba_kusanagi_inline6 | maxSpeed 3 -> requested 3 -> live 3 | PREVIOUS_WRITER=Vehicle.v_sportbike1_yaiba_muramasa_naked_nr
2026-09-21 16:17:16   record[2]=Vehicle.v_sportbike1_yaiba_kusanagi_inline7 | maxSpeed 12 -> requested 12 -> live 12 | PREVIOUS_WRITER=Vehicle.v_sportbike1_yaiba_muramasa_naked_nr
2026-09-21 16:17:16   record[3]=Vehicle.v_sportbike1_yaiba_kusanagi_inline8 | maxSpeed 18 -> requested 18 -> live 18 | PREVIOUS_WRITER=Vehicle.v_sportbike1_yaiba_muramasa_naked_nr
2026-09-21 16:17:16   record[4]=Vehicle.v_sportbike1_yaiba_kusanagi_inline9 | maxSpeed 23.5 -> requested 23.5 -> live 23.5 | PREVIOUS_WRITER=Vehicle.v_sportbike1_yaiba_muramasa_naked_nr
2026-09-21 16:17:16   record[5]=Vehicle.v_sportbike1_yaiba_kusanagi_inline10 | maxSpeed 29 -> requested 29 -> live 29 | PREVIOUS_WRITER=Vehicle.v_sportbike1_yaiba_muramasa_naked_nr
2026-09-21 16:17:16   record[6]=Vehicle.v_sportbike1_yaiba_kusanagi_inline11 | maxSpeed 33 -> requested 33 -> live 33 | PREVIOUS_WRITER=Vehicle.v_sportbike1_yaiba_muramasa_naked_nr
2026-09-21 16:17:16   record[7]=Vehicle.v_sportbike1_yaiba_kusanagi_inline12 | maxSpeed 36 -> requested 36 -> live 36 | PREVIOUS_WRITER=Vehicle.v_sportbike1_yaiba_muramasa_naked_nr
2026-09-21 16:17:16   record[8]=Vehicle.v_sportbike1_yaiba_kusanagi_inline13 | maxSpeed 42 -> requested 42 -> live 42 | PREVIOUS_WRITER=Vehicle.v_sportbike1_yaiba_muramasa_naked_nr
2026-09-21 16:17:16 VEHICLE Vehicle.v_sportbike1_yaiba_muramasa_naked_ns_nr | engine=Vehicle.v_sportbike1_yaiba_kusanagi_inline5 | records=8
2026-09-21 16:17:16   record[1]=Vehicle.v_sportbike1_yaiba_kusanagi_inline6 | maxSpeed 3 -> requested 3 -> live 3 | PREVIOUS_WRITER=Vehicle.v_sportbike1_yaiba_muramasa_naked_ns
2026-09-21 16:17:16   record[2]=Vehicle.v_sportbike1_yaiba_kusanagi_inline7 | maxSpeed 12 -> requested 12 -> live 12 | PREVIOUS_WRITER=Vehicle.v_sportbike1_yaiba_muramasa_naked_ns
2026-09-21 16:17:16   record[3]=Vehicle.v_sportbike1_yaiba_kusanagi_inline8 | maxSpeed 18 -> requested 18 -> live 18 | PREVIOUS_WRITER=Vehicle.v_sportbike1_yaiba_muramasa_naked_ns
2026-09-21 16:17:16   record[4]=Vehicle.v_sportbike1_yaiba_kusanagi_inline9 | maxSpeed 23.5 -> requested 23.5 -> live 23.5 | PREVIOUS_WRITER=Vehicle.v_sportbike1_yaiba_muramasa_naked_ns
2026-09-21 16:17:16   record[5]=Vehicle.v_sportbike1_yaiba_kusanagi_inline10 | maxSpeed 29 -> requested 29 -> live 29 | PREVIOUS_WRITER=Vehicle.v_sportbike1_yaiba_muramasa_naked_ns
2026-09-21 16:17:16   record[6]=Vehicle.v_sportbike1_yaiba_kusanagi_inline11 | maxSpeed 33 -> requested 33 -> live 33 | PREVIOUS_WRITER=Vehicle.v_sportbike1_yaiba_muramasa_naked_ns
2026-09-21 16:17:16   record[7]=Vehicle.v_sportbike1_yaiba_kusanagi_inline12 | maxSpeed 36 -> requested 36 -> live 36 | PREVIOUS_WRITER=Vehicle.v_sportbike1_yaiba_muramasa_naked_ns
2026-09-21 16:17:16   record[8]=Vehicle.v_sportbike1_yaiba_kusanagi_inline13 | maxSpeed 42 -> requested 42 -> live 42 | PREVIOUS_WRITER=Vehicle.v_sportbike1_yaiba_muramasa_naked_ns
2026-09-21 16:17:16 VEHICLE Vehicle.v_sportbike1_yaiba_muramasa_regular | engine=Vehicle.v_sportbike1_yaiba_kusanagi_inline5 | records=8
2026-09-21 16:17:16   record[1]=Vehicle.v_sportbike1_yaiba_kusanagi_inline6 | maxSpeed 3 -> requested 3 -> live 3 | PREVIOUS_WRITER=Vehicle.v_sportbike1_yaiba_muramasa_naked_ns_nr
2026-09-21 16:17:16   record[2]=Vehicle.v_sportbike1_yaiba_kusanagi_inline7 | maxSpeed 12 -> requested 12 -> live 12 | PREVIOUS_WRITER=Vehicle.v_sportbike1_yaiba_muramasa_naked_ns_nr
2026-09-21 16:17:16   record[3]=Vehicle.v_sportbike1_yaiba_kusanagi_inline8 | maxSpeed 18 -> requested 18 -> live 18 | PREVIOUS_WRITER=Vehicle.v_sportbike1_yaiba_muramasa_naked_ns_nr
2026-09-21 16:17:16   record[4]=Vehicle.v_sportbike1_yaiba_kusanagi_inline9 | maxSpeed 23.5 -> requested 23.5 -> live 23.5 | PREVIOUS_WRITER=Vehicle.v_sportbike1_yaiba_muramasa_naked_ns_nr
2026-09-21 16:17:16   record[5]=Vehicle.v_sportbike1_yaiba_kusanagi_inline10 | maxSpeed 29 -> requested 29 -> live 29 | PREVIOUS_WRITER=Vehicle.v_sportbike1_yaiba_muramasa_naked_ns_nr
2026-09-21 16:17:16   record[6]=Vehicle.v_sportbike1_yaiba_kusanagi_inline11 | maxSpeed 33 -> requested 33 -> live 33 | PREVIOUS_WRITER=Vehicle.v_sportbike1_yaiba_muramasa_naked_ns_nr
2026-09-21 16:17:16   record[7]=Vehicle.v_sportbike1_yaiba_kusanagi_inline12 | maxSpeed 36 -> requested 36 -> live 36 | PREVIOUS_WRITER=Vehicle.v_sportbike1_yaiba_muramasa_naked_ns_nr
2026-09-21 16:17:16   record[8]=Vehicle.v_sportbike1_yaiba_kusanagi_inline13 | maxSpeed 42 -> requested 42 -> live 42 | PREVIOUS_WRITER=Vehicle.v_sportbike1_yaiba_muramasa_naked_ns_nr
2026-09-21 16:17:16 VEHICLE Vehicle.v_sportbike1_yaiba_muramasa_regular_as | engine=Vehicle.v_sportbike1_yaiba_kusanagi_inline5 | records=8
2026-09-21 16:17:16   record[1]=Vehicle.v_sportbike1_yaiba_kusanagi_inline6 | maxSpeed 3 -> requested 3 -> live 3 | PREVIOUS_WRITER=Vehicle.v_sportbike1_yaiba_muramasa_regular
2026-09-21 16:17:16   record[2]=Vehicle.v_sportbike1_yaiba_kusanagi_inline7 | maxSpeed 12 -> requested 12 -> live 12 | PREVIOUS_WRITER=Vehicle.v_sportbike1_yaiba_muramasa_regular
2026-09-21 16:17:16   record[3]=Vehicle.v_sportbike1_yaiba_kusanagi_inline8 | maxSpeed 18 -> requested 18 -> live 18 | PREVIOUS_WRITER=Vehicle.v_sportbike1_yaiba_muramasa_regular
2026-09-21 16:17:16   record[4]=Vehicle.v_sportbike1_yaiba_kusanagi_inline9 | maxSpeed 23.5 -> requested 23.5 -> live 23.5 | PREVIOUS_WRITER=Vehicle.v_sportbike1_yaiba_muramasa_regular
2026-09-21 16:17:16   record[5]=Vehicle.v_sportbike1_yaiba_kusanagi_inline10 | maxSpeed 29 -> requested 29 -> live 29 | PREVIOUS_WRITER=Vehicle.v_sportbike1_yaiba_muramasa_regular
2026-09-21 16:17:16   record[6]=Vehicle.v_sportbike1_yaiba_kusanagi_inline11 | maxSpeed 33 -> requested 33 -> live 33 | PREVIOUS_WRITER=Vehicle.v_sportbike1_yaiba_muramasa_regular
2026-09-21 16:17:16   record[7]=Vehicle.v_sportbike1_yaiba_kusanagi_inline12 | maxSpeed 36 -> requested 36 -> live 36 | PREVIOUS_WRITER=Vehicle.v_sportbike1_yaiba_muramasa_regular
2026-09-21 16:17:16   record[8]=Vehicle.v_sportbike1_yaiba_kusanagi_inline13 | maxSpeed 42 -> requested 42 -> live 42 | PREVIOUS_WRITER=Vehicle.v_sportbike1_yaiba_muramasa_regular
2026-09-21 16:17:16 VEHICLE Vehicle.v_sportbike1_yaiba_muramasa_regular_as_nr | engine=Vehicle.v_sportbike1_yaiba_kusanagi_inline5 | records=8
2026-09-21 16:17:16   record[1]=Vehicle.v_sportbike1_yaiba_kusanagi_inline6 | maxSpeed 3 -> requested 3 -> live 3 | PREVIOUS_WRITER=Vehicle.v_sportbike1_yaiba_muramasa_regular_as
2026-09-21 16:17:16   record[2]=Vehicle.v_sportbike1_yaiba_kusanagi_inline7 | maxSpeed 12 -> requested 12 -> live 12 | PREVIOUS_WRITER=Vehicle.v_sportbike1_yaiba_muramasa_regular_as
2026-09-21 16:17:16   record[3]=Vehicle.v_sportbike1_yaiba_kusanagi_inline8 | maxSpeed 18 -> requested 18 -> live 18 | PREVIOUS_WRITER=Vehicle.v_sportbike1_yaiba_muramasa_regular_as
2026-09-21 16:17:16   record[4]=Vehicle.v_sportbike1_yaiba_kusanagi_inline9 | maxSpeed 23.5 -> requested 23.5 -> live 23.5 | PREVIOUS_WRITER=Vehicle.v_sportbike1_yaiba_muramasa_regular_as
2026-09-21 16:17:16   record[5]=Vehicle.v_sportbike1_yaiba_kusanagi_inline10 | maxSpeed 29 -> requested 29 -> live 29 | PREVIOUS_WRITER=Vehicle.v_sportbike1_yaiba_muramasa_regular_as
2026-09-21 16:17:16   record[6]=Vehicle.v_sportbike1_yaiba_kusanagi_inline11 | maxSpeed 33 -> requested 33 -> live 33 | PREVIOUS_WRITER=Vehicle.v_sportbike1_yaiba_muramasa_regular_as
2026-09-21 16:17:16   record[7]=Vehicle.v_sportbike1_yaiba_kusanagi_inline12 | maxSpeed 36 -> requested 36 -> live 36 | PREVIOUS_WRITER=Vehicle.v_sportbike1_yaiba_muramasa_regular_as
2026-09-21 16:17:16   record[8]=Vehicle.v_sportbike1_yaiba_kusanagi_inline13 | maxSpeed 42 -> requested 42 -> live 42 | PREVIOUS_WRITER=Vehicle.v_sportbike1_yaiba_muramasa_regular_as
2026-09-21 16:17:16 VEHICLE Vehicle.v_sportbike1_yaiba_muramasa_regular_as_ns | engine=Vehicle.v_sportbike1_yaiba_kusanagi_inline5 | records=8
2026-09-21 16:17:16   record[1]=Vehicle.v_sportbike1_yaiba_kusanagi_inline6 | maxSpeed 3 -> requested 3 -> live 3 | PREVIOUS_WRITER=Vehicle.v_sportbike1_yaiba_muramasa_regular_as_nr
2026-09-21 16:17:16   record[2]=Vehicle.v_sportbike1_yaiba_kusanagi_inline7 | maxSpeed 12 -> requested 12 -> live 12 | PREVIOUS_WRITER=Vehicle.v_sportbike1_yaiba_muramasa_regular_as_nr
2026-09-21 16:17:16   record[3]=Vehicle.v_sportbike1_yaiba_kusanagi_inline8 | maxSpeed 18 -> requested 18 -> live 18 | PREVIOUS_WRITER=Vehicle.v_sportbike1_yaiba_muramasa_regular_as_nr
2026-09-21 16:17:16   record[4]=Vehicle.v_sportbike1_yaiba_kusanagi_inline9 | maxSpeed 23.5 -> requested 23.5 -> live 23.5 | PREVIOUS_WRITER=Vehicle.v_sportbike1_yaiba_muramasa_regular_as_nr
2026-09-21 16:17:16   record[5]=Vehicle.v_sportbike1_yaiba_kusanagi_inline10 | maxSpeed 29 -> requested 29 -> live 29 | PREVIOUS_WRITER=Vehicle.v_sportbike1_yaiba_muramasa_regular_as_nr
2026-09-21 16:17:16   record[6]=Vehicle.v_sportbike1_yaiba_kusanagi_inline11 | maxSpeed 33 -> requested 33 -> live 33 | PREVIOUS_WRITER=Vehicle.v_sportbike1_yaiba_muramasa_regular_as_nr
2026-09-21 16:17:16   record[7]=Vehicle.v_sportbike1_yaiba_kusanagi_inline12 | maxSpeed 36 -> requested 36 -> live 36 | PREVIOUS_WRITER=Vehicle.v_sportbike1_yaiba_muramasa_regular_as_nr
2026-09-21 16:17:16   record[8]=Vehicle.v_sportbike1_yaiba_kusanagi_inline13 | maxSpeed 42 -> requested 42 -> live 42 | PREVIOUS_WRITER=Vehicle.v_sportbike1_yaiba_muramasa_regular_as_nr
2026-09-21 16:17:16 VEHICLE Vehicle.v_sportbike1_yaiba_muramasa_regular_as_ns_nr | engine=Vehicle.v_sportbike1_yaiba_kusanagi_inline5 | records=8
2026-09-21 16:17:16   record[1]=Vehicle.v_sportbike1_yaiba_kusanagi_inline6 | maxSpeed 3 -> requested 3 -> live 3 | PREVIOUS_WRITER=Vehicle.v_sportbike1_yaiba_muramasa_regular_as_ns
2026-09-21 16:17:16   record[2]=Vehicle.v_sportbike1_yaiba_kusanagi_inline7 | maxSpeed 12 -> requested 12 -> live 12 | PREVIOUS_WRITER=Vehicle.v_sportbike1_yaiba_muramasa_regular_as_ns
2026-09-21 16:17:16   record[3]=Vehicle.v_sportbike1_yaiba_kusanagi_inline8 | maxSpeed 18 -> requested 18 -> live 18 | PREVIOUS_WRITER=Vehicle.v_sportbike1_yaiba_muramasa_regular_as_ns
2026-09-21 16:17:16   record[4]=Vehicle.v_sportbike1_yaiba_kusanagi_inline9 | maxSpeed 23.5 -> requested 23.5 -> live 23.5 | PREVIOUS_WRITER=Vehicle.v_sportbike1_yaiba_muramasa_regular_as_ns
2026-09-21 16:17:16   record[5]=Vehicle.v_sportbike1_yaiba_kusanagi_inline10 | maxSpeed 29 -> requested 29 -> live 29 | PREVIOUS_WRITER=Vehicle.v_sportbike1_yaiba_muramasa_regular_as_ns
2026-09-21 16:17:16   record[6]=Vehicle.v_sportbike1_yaiba_kusanagi_inline11 | maxSpeed 33 -> requested 33 -> live 33 | PREVIOUS_WRITER=Vehicle.v_sportbike1_yaiba_muramasa_regular_as_ns
2026-09-21 16:17:16   record[7]=Vehicle.v_sportbike1_yaiba_kusanagi_inline12 | maxSpeed 36 -> requested 36 -> live 36 | PREVIOUS_WRITER=Vehicle.v_sportbike1_yaiba_muramasa_regular_as_ns
2026-09-21 16:17:16   record[8]=Vehicle.v_sportbike1_yaiba_kusanagi_inline13 | maxSpeed 42 -> requested 42 -> live 42 | PREVIOUS_WRITER=Vehicle.v_sportbike1_yaiba_muramasa_regular_as_ns
2026-09-21 16:17:16 VEHICLE Vehicle.v_sportbike1_yaiba_muramasa_regular_nr | engine=Vehicle.v_sportbike1_yaiba_kusanagi_inline5 | records=8
2026-09-21 16:17:16   record[1]=Vehicle.v_sportbike1_yaiba_kusanagi_inline6 | maxSpeed 3 -> requested 3 -> live 3 | PREVIOUS_WRITER=Vehicle.v_sportbike1_yaiba_muramasa_regular_as_ns_nr
2026-09-21 16:17:16   record[2]=Vehicle.v_sportbike1_yaiba_kusanagi_inline7 | maxSpeed 12 -> requested 12 -> live 12 | PREVIOUS_WRITER=Vehicle.v_sportbike1_yaiba_muramasa_regular_as_ns_nr
2026-09-21 16:17:16   record[3]=Vehicle.v_sportbike1_yaiba_kusanagi_inline8 | maxSpeed 18 -> requested 18 -> live 18 | PREVIOUS_WRITER=Vehicle.v_sportbike1_yaiba_muramasa_regular_as_ns_nr
2026-09-21 16:17:16   record[4]=Vehicle.v_sportbike1_yaiba_kusanagi_inline9 | maxSpeed 23.5 -> requested 23.5 -> live 23.5 | PREVIOUS_WRITER=Vehicle.v_sportbike1_yaiba_muramasa_regular_as_ns_nr
2026-09-21 16:17:16   record[5]=Vehicle.v_sportbike1_yaiba_kusanagi_inline10 | maxSpeed 29 -> requested 29 -> live 29 | PREVIOUS_WRITER=Vehicle.v_sportbike1_yaiba_muramasa_regular_as_ns_nr
2026-09-21 16:17:16   record[6]=Vehicle.v_sportbike1_yaiba_kusanagi_inline11 | maxSpeed 33 -> requested 33 -> live 33 | PREVIOUS_WRITER=Vehicle.v_sportbike1_yaiba_muramasa_regular_as_ns_nr
2026-09-21 16:17:16   record[7]=Vehicle.v_sportbike1_yaiba_kusanagi_inline12 | maxSpeed 36 -> requested 36 -> live 36 | PREVIOUS_WRITER=Vehicle.v_sportbike1_yaiba_muramasa_regular_as_ns_nr
2026-09-21 16:17:16   record[8]=Vehicle.v_sportbike1_yaiba_kusanagi_inline13 | maxSpeed 42 -> requested 42 -> live 42 | PREVIOUS_WRITER=Vehicle.v_sportbike1_yaiba_muramasa_regular_as_ns_nr
2026-09-21 16:17:16 VEHICLE Vehicle.v_sportbike1_yaiba_muramasa_regular_ns | engine=Vehicle.v_sportbike1_yaiba_kusanagi_inline5 | records=8
2026-09-21 16:17:16   record[1]=Vehicle.v_sportbike1_yaiba_kusanagi_inline6 | maxSpeed 3 -> requested 3 -> live 3 | PREVIOUS_WRITER=Vehicle.v_sportbike1_yaiba_muramasa_regular_nr
2026-09-21 16:17:16   record[2]=Vehicle.v_sportbike1_yaiba_kusanagi_inline7 | maxSpeed 12 -> requested 12 -> live 12 | PREVIOUS_WRITER=Vehicle.v_sportbike1_yaiba_muramasa_regular_nr
2026-09-21 16:17:16   record[3]=Vehicle.v_sportbike1_yaiba_kusanagi_inline8 | maxSpeed 18 -> requested 18 -> live 18 | PREVIOUS_WRITER=Vehicle.v_sportbike1_yaiba_muramasa_regular_nr
2026-09-21 16:17:16   record[4]=Vehicle.v_sportbike1_yaiba_kusanagi_inline9 | maxSpeed 23.5 -> requested 23.5 -> live 23.5 | PREVIOUS_WRITER=Vehicle.v_sportbike1_yaiba_muramasa_regular_nr
2026-09-21 16:17:16   record[5]=Vehicle.v_sportbike1_yaiba_kusanagi_inline10 | maxSpeed 29 -> requested 29 -> live 29 | PREVIOUS_WRITER=Vehicle.v_sportbike1_yaiba_muramasa_regular_nr
2026-09-21 16:17:16   record[6]=Vehicle.v_sportbike1_yaiba_kusanagi_inline11 | maxSpeed 33 -> requested 33 -> live 33 | PREVIOUS_WRITER=Vehicle.v_sportbike1_yaiba_muramasa_regular_nr
2026-09-21 16:17:16   record[7]=Vehicle.v_sportbike1_yaiba_kusanagi_inline12 | maxSpeed 36 -> requested 36 -> live 36 | PREVIOUS_WRITER=Vehicle.v_sportbike1_yaiba_muramasa_regular_nr
2026-09-21 16:17:16   record[8]=Vehicle.v_sportbike1_yaiba_kusanagi_inline13 | maxSpeed 42 -> requested 42 -> live 42 | PREVIOUS_WRITER=Vehicle.v_sportbike1_yaiba_muramasa_regular_nr
2026-09-21 16:17:16 VEHICLE Vehicle.v_sportbike1_yaiba_muramasa_regular_ns_nr | engine=Vehicle.v_sportbike1_yaiba_kusanagi_inline5 | records=8
2026-09-21 16:17:16   record[1]=Vehicle.v_sportbike1_yaiba_kusanagi_inline6 | maxSpeed 3 -> requested 3 -> live 3 | PREVIOUS_WRITER=Vehicle.v_sportbike1_yaiba_muramasa_regular_ns
2026-09-21 16:17:16   record[2]=Vehicle.v_sportbike1_yaiba_kusanagi_inline7 | maxSpeed 12 -> requested 12 -> live 12 | PREVIOUS_WRITER=Vehicle.v_sportbike1_yaiba_muramasa_regular_ns
2026-09-21 16:17:16   record[3]=Vehicle.v_sportbike1_yaiba_kusanagi_inline8 | maxSpeed 18 -> requested 18 -> live 18 | PREVIOUS_WRITER=Vehicle.v_sportbike1_yaiba_muramasa_regular_ns
2026-09-21 16:17:16   record[4]=Vehicle.v_sportbike1_yaiba_kusanagi_inline9 | maxSpeed 23.5 -> requested 23.5 -> live 23.5 | PREVIOUS_WRITER=Vehicle.v_sportbike1_yaiba_muramasa_regular_ns
2026-09-21 16:17:16   record[5]=Vehicle.v_sportbike1_yaiba_kusanagi_inline10 | maxSpeed 29 -> requested 29 -> live 29 | PREVIOUS_WRITER=Vehicle.v_sportbike1_yaiba_muramasa_regular_ns
2026-09-21 16:17:16   record[6]=Vehicle.v_sportbike1_yaiba_kusanagi_inline11 | maxSpeed 33 -> requested 33 -> live 33 | PREVIOUS_WRITER=Vehicle.v_sportbike1_yaiba_muramasa_regular_ns
2026-09-21 16:17:16   record[7]=Vehicle.v_sportbike1_yaiba_kusanagi_inline12 | maxSpeed 36 -> requested 36 -> live 36 | PREVIOUS_WRITER=Vehicle.v_sportbike1_yaiba_muramasa_regular_ns
2026-09-21 16:17:16   record[8]=Vehicle.v_sportbike1_yaiba_kusanagi_inline13 | maxSpeed 42 -> requested 42 -> live 42 | PREVIOUS_WRITER=Vehicle.v_sportbike1_yaiba_muramasa_regular_ns
2026-09-21 16:17:16 VEHICLE Vehicle.v_sportbike1_yaiba_kusanagi_tyger_player | engine=Vehicle.v_sportbike1_yaiba_kusanagi_inline5 | records=8
2026-09-21 16:17:16   record[1]=Vehicle.v_sportbike1_yaiba_kusanagi_inline6 | maxSpeed 3 -> requested 3 -> live 3 | PREVIOUS_WRITER=Vehicle.v_sportbike1_yaiba_muramasa_regular_ns_nr
2026-09-21 16:17:16   record[2]=Vehicle.v_sportbike1_yaiba_kusanagi_inline7 | maxSpeed 12 -> requested 12 -> live 12 | PREVIOUS_WRITER=Vehicle.v_sportbike1_yaiba_muramasa_regular_ns_nr
2026-09-21 16:17:16   record[3]=Vehicle.v_sportbike1_yaiba_kusanagi_inline8 | maxSpeed 18 -> requested 18 -> live 18 | PREVIOUS_WRITER=Vehicle.v_sportbike1_yaiba_muramasa_regular_ns_nr
2026-09-21 16:17:16   record[4]=Vehicle.v_sportbike1_yaiba_kusanagi_inline9 | maxSpeed 23.5 -> requested 23.5 -> live 23.5 | PREVIOUS_WRITER=Vehicle.v_sportbike1_yaiba_muramasa_regular_ns_nr
2026-09-21 16:17:16   record[5]=Vehicle.v_sportbike1_yaiba_kusanagi_inline10 | maxSpeed 29 -> requested 29 -> live 29 | PREVIOUS_WRITER=Vehicle.v_sportbike1_yaiba_muramasa_regular_ns_nr
2026-09-21 16:17:16   record[6]=Vehicle.v_sportbike1_yaiba_kusanagi_inline11 | maxSpeed 33 -> requested 33 -> live 33 | PREVIOUS_WRITER=Vehicle.v_sportbike1_yaiba_muramasa_regular_ns_nr
2026-09-21 16:17:16   record[7]=Vehicle.v_sportbike1_yaiba_kusanagi_inline12 | maxSpeed 36 -> requested 36 -> live 36 | PREVIOUS_WRITER=Vehicle.v_sportbike1_yaiba_muramasa_regular_ns_nr
2026-09-21 16:17:16   record[8]=Vehicle.v_sportbike1_yaiba_kusanagi_inline13 | maxSpeed 42 -> requested 42 -> live 42 | PREVIOUS_WRITER=Vehicle.v_sportbike1_yaiba_muramasa_regular_ns_nr
